# ************************************************************
# Sequel Pro SQL dump
# Version 4541
#
# http://www.sequelpro.com/
# https://github.com/sequelpro/sequelpro
#
# Host: 127.0.0.1 (MySQL 5.5.5-10.4.19-MariaDB)
# Database: db_toko
# Generation Time: 2021-09-02 05:25:32 +0000
# ************************************************************


/*!40101 SET @OLD_CHARACTER_SET_CLIENT=@@CHARACTER_SET_CLIENT */;
/*!40101 SET @OLD_CHARACTER_SET_RESULTS=@@CHARACTER_SET_RESULTS */;
/*!40101 SET @OLD_COLLATION_CONNECTION=@@COLLATION_CONNECTION */;
/*!40101 SET NAMES utf8 */;
/*!40014 SET @OLD_FOREIGN_KEY_CHECKS=@@FOREIGN_KEY_CHECKS, FOREIGN_KEY_CHECKS=0 */;
/*!40101 SET @OLD_SQL_MODE=@@SQL_MODE, SQL_MODE='NO_AUTO_VALUE_ON_ZERO' */;
/*!40111 SET @OLD_SQL_NOTES=@@SQL_NOTES, SQL_NOTES=0 */;


# Dump of table aset
# ------------------------------------------------------------

DROP TABLE IF EXISTS `aset`;

CREATE TABLE `aset` (
  `id` int(11) NOT NULL AUTO_INCREMENT,
  `name` varchar(255) DEFAULT NULL,
  `nilai` int(30) DEFAULT NULL,
  `id_modal` int(11) NOT NULL,
  `id_item` int(11) DEFAULT NULL,
  `created_at` timestamp NOT NULL DEFAULT current_timestamp() ON UPDATE current_timestamp(),
  `updated_at` datetime DEFAULT NULL,
  PRIMARY KEY (`id`)
) ENGINE=InnoDB DEFAULT CHARSET=latin1;



# Dump of table category
# ------------------------------------------------------------

DROP TABLE IF EXISTS `category`;

CREATE TABLE `category` (
  `category_id` int(11) NOT NULL AUTO_INCREMENT,
  `name` varchar(50) NOT NULL,
  `created` datetime NOT NULL DEFAULT current_timestamp(),
  `updated` datetime DEFAULT NULL,
  PRIMARY KEY (`category_id`)
) ENGINE=InnoDB DEFAULT CHARSET=latin1;

LOCK TABLES `category` WRITE;
/*!40000 ALTER TABLE `category` DISABLE KEYS */;

INSERT INTO `category` (`category_id`, `name`, `created`, `updated`)
VALUES
	(14,'Box','2021-06-16 10:24:33','2021-06-16 05:24:21');

/*!40000 ALTER TABLE `category` ENABLE KEYS */;
UNLOCK TABLES;


# Dump of table customer
# ------------------------------------------------------------

DROP TABLE IF EXISTS `customer`;

CREATE TABLE `customer` (
  `id_customer` int(11) NOT NULL AUTO_INCREMENT,
  `name` varchar(50) NOT NULL,
  `gender` enum('L','P') NOT NULL,
  `phone` varchar(15) NOT NULL,
  `address` varchar(255) NOT NULL,
  `description` text DEFAULT NULL,
  `created` datetime NOT NULL DEFAULT current_timestamp(),
  `updated` datetime DEFAULT NULL,
  PRIMARY KEY (`id_customer`)
) ENGINE=InnoDB DEFAULT CHARSET=latin1;

LOCK TABLES `customer` WRITE;
/*!40000 ALTER TABLE `customer` DISABLE KEYS */;

INSERT INTO `customer` (`id_customer`, `name`, `gender`, `phone`, `address`, `description`, `created`, `updated`)
VALUES
	(1,'Aditya','L','08989898989',' Jln. Purwoyoso',' Cus 14','2021-03-19 14:41:42','2021-05-27 16:28:49'),
	(2,'Terry','P','123456789','Jln. Candisari','Cus 2','2021-03-19 14:41:54','2021-04-01 04:38:24'),
	(4,'Umum','L','08','umum','umum','2021-03-19 14:56:11','2021-04-01 04:38:49'),
	(5,'q','L','66',' ',' ','2021-05-27 21:18:41',NULL);

/*!40000 ALTER TABLE `customer` ENABLE KEYS */;
UNLOCK TABLES;


# Dump of table items
# ------------------------------------------------------------

DROP TABLE IF EXISTS `items`;

CREATE TABLE `items` (
  `id_item` int(11) NOT NULL AUTO_INCREMENT,
  `barcode` varchar(100) NOT NULL,
  `name` varchar(255) DEFAULT NULL,
  `menu_id` int(11) DEFAULT NULL,
  `category_id` int(11) NOT NULL,
  `unit_id` int(11) DEFAULT NULL,
  `barang_harpok` int(20) DEFAULT NULL,
  `price` int(11) DEFAULT NULL,
  `harga_satuan` int(11) DEFAULT NULL,
  `isi` varchar(10) DEFAULT NULL,
  `image` varchar(50) DEFAULT NULL,
  `stock` int(11) NOT NULL DEFAULT 0,
  `stock_kecil` int(50) DEFAULT NULL,
  `sisa` int(11) DEFAULT NULL,
  `created_at` datetime NOT NULL DEFAULT current_timestamp(),
  `updated_at` datetime DEFAULT NULL,
  PRIMARY KEY (`id_item`),
  UNIQUE KEY `barcode` (`barcode`),
  KEY `category_id` (`category_id`),
  KEY `unit_id` (`unit_id`),
  CONSTRAINT `items_ibfk_1` FOREIGN KEY (`category_id`) REFERENCES `category` (`category_id`),
  CONSTRAINT `items_ibfk_2` FOREIGN KEY (`unit_id`) REFERENCES `unit` (`unit_id`)
) ENGINE=InnoDB DEFAULT CHARSET=latin1;

LOCK TABLES `items` WRITE;
/*!40000 ALTER TABLE `items` DISABLE KEYS */;

INSERT INTO `items` (`id_item`, `barcode`, `name`, `menu_id`, `category_id`, `unit_id`, `barang_harpok`, `price`, `harga_satuan`, `isi`, `image`, `stock`, `stock_kecil`, `sisa`, `created_at`, `updated_at`)
VALUES
	(1,'TM0001','Bandeng Juwana',1,14,6,10000,12000,12000,'1','items-210616-30794dba0d.jpeg',77,77,0,'2021-06-16 11:51:09','2021-06-24 09:41:06'),
	(2,'TM0002','Bandeng Prestasi',1,14,6,1,1,1,'1','items-210616-fac478177d.jpeg',79,79,0,'2021-06-16 11:51:49',NULL),
	(3,'TM0003','Bandeng Bu Pudji',1,14,6,1,1,1,'1','items-210616-6e3c7017b3.jpeg',71,71,0,'2021-06-16 11:52:15',NULL),
	(4,'TM0004','Otak-Otak Bandeng',1,14,6,1,1,1,'1','items-210616-231f975ab5.jpeg',85,85,0,'2021-06-16 11:52:45',NULL),
	(5,'TM0005','Tahu Petis Yudhistira',3,14,6,1,1,1,'1','items-210616-aad4cc1739.jpeg',94,94,0,'2021-06-16 11:53:29',NULL),
	(6,'TM0006','Petis Yudhistira',3,14,6,1,1,1,'1','items-210616-7b1b6b70fa.jpeg',100,100,0,'2021-06-16 11:53:57',NULL),
	(7,'TM0007','Tahu Bu Pudji',3,14,6,100,100,10,'10','items-210616-7dabc5aa46.jpeg',84,841,1,'2021-06-16 11:54:32','2021-06-21 07:13:56'),
	(8,'TM0008','Tahu Murni',3,14,6,1,1,1,'1','items-210616-9d6a79993f.jpeg',99,99,0,'2021-06-16 11:55:14',NULL),
	(9,'TM0009','Tahu Tun',3,14,6,1,1,1,'1','items-210616-2749e0a58e.jpeg',100,100,0,'2021-06-16 11:55:39',NULL),
	(10,'TM0010','Pia 53 Comb',2,14,6,1,1,1,'1','items-210616-ea59ad73df.jpeg',100,100,0,'2021-06-16 11:56:41',NULL),
	(11,'TM0011','Pia 53 Kcg Ijo',2,14,6,1,1,1,'1','items-210616-bb97b89c79.jpg',100,100,0,'2021-06-16 11:57:14',NULL),
	(12,'TM0012','Pia 53 Crispy',2,14,6,1,1,1,'1','items-210616-3e92ca6d66.jpeg',100,100,0,'2021-06-16 11:57:47',NULL),
	(13,'TM0013','Pia 65 Coklat',2,14,6,1,1,1,'1',NULL,100,100,0,'2021-06-16 11:58:20','2021-06-17 11:02:24'),
	(14,'TM0014','Pia 65 Comb',2,14,6,1,1,1,'1',NULL,100,100,0,'2021-06-16 11:58:42',NULL),
	(15,'TM0015','Pia 65 kcg Ijo',2,14,6,1,1,1,'1',NULL,100,100,0,'2021-06-16 11:59:03',NULL),
	(16,'TM0016','King Crispy',2,14,6,1,1,1,'1',NULL,100,100,NULL,'2021-06-16 11:59:26',NULL),
	(17,'TM0017','King Pathok Bsh',2,14,6,1,1,1,'1',NULL,100,100,NULL,'2021-06-16 11:59:44',NULL),
	(18,'TM0018','King Ubi Ungu',2,14,6,1,1,1,'1',NULL,100,100,NULL,'2021-06-16 12:00:06',NULL),
	(19,'TM0019','Meniko Ori',4,14,6,1,1,1,'1',NULL,97,97,0,'2021-06-16 12:00:30',NULL),
	(20,'TM0020','Meniko Aneka Rasa',4,14,6,1,1,1,'1',NULL,100,100,NULL,'2021-06-16 12:00:49',NULL),
	(21,'TM0021','Jenang Kudus',5,14,6,1,1,1,'1',NULL,100,100,NULL,'2021-06-16 12:01:11',NULL),
	(22,'TM0022','Enting Wijen',5,14,6,1,1,1,'1',NULL,100,100,0,'2021-06-16 12:01:32',NULL),
	(23,'TM0023','Brem Suling',5,14,6,1,1,1,'1',NULL,100,100,NULL,'2021-06-16 12:01:54',NULL),
	(24,'TM0024','Enting Oki Jaya',5,14,6,1,1,1,'1',NULL,100,100,NULL,'2021-06-16 12:02:14',NULL),
	(25,'TM0025','Carica Dieng',5,14,6,1,1,1,'1',NULL,100,100,NULL,'2021-06-16 12:02:34',NULL),
	(26,'TM0026','Bakpian CObav',2,14,6,1,1,1,'1','items-210617-4631bcc964.jpeg',100,100,0,'2021-06-17 09:52:03','2021-06-17 05:09:43'),
	(27,'TM0027','coba',2,14,6,1,1,1,'1',NULL,100,100,NULL,'2021-06-17 16:18:27',NULL),
	(28,'TM0028','Bandeng Prestasi',1,14,6,10000,100000,100000,'1',NULL,0,0,NULL,'2021-09-02 09:15:22',NULL);

/*!40000 ALTER TABLE `items` ENABLE KEYS */;
UNLOCK TABLES;


# Dump of table jasas
# ------------------------------------------------------------

DROP TABLE IF EXISTS `jasas`;

CREATE TABLE `jasas` (
  `id` int(11) NOT NULL AUTO_INCREMENT,
  `nama_jasa` varchar(50) DEFAULT NULL,
  `jumlah_jasa` int(11) DEFAULT NULL,
  `created_at` timestamp NOT NULL DEFAULT current_timestamp(),
  PRIMARY KEY (`id`)
) ENGINE=InnoDB DEFAULT CHARSET=utf8mb4;

LOCK TABLES `jasas` WRITE;
/*!40000 ALTER TABLE `jasas` DISABLE KEYS */;

INSERT INTO `jasas` (`id`, `nama_jasa`, `jumlah_jasa`, `created_at`)
VALUES
	(1,'goreng',500,'2021-06-21 16:16:24'),
	(2,'kosong',0,'2021-06-21 16:16:24');

/*!40000 ALTER TABLE `jasas` ENABLE KEYS */;
UNLOCK TABLES;


# Dump of table laba
# ------------------------------------------------------------

DROP TABLE IF EXISTS `laba`;

CREATE TABLE `laba` (
  `id` int(11) NOT NULL AUTO_INCREMENT,
  `dari_tanggal` date DEFAULT NULL,
  `sampai_tanggal` date DEFAULT NULL,
  `pendapatan` int(11) DEFAULT NULL,
  `return` int(11) DEFAULT NULL,
  `pengeluaran` int(11) DEFAULT NULL,
  `hasil` int(11) DEFAULT NULL,
  `created_at` timestamp NOT NULL DEFAULT current_timestamp(),
  PRIMARY KEY (`id`)
) ENGINE=InnoDB DEFAULT CHARSET=utf8mb4;



# Dump of table menu
# ------------------------------------------------------------

DROP TABLE IF EXISTS `menu`;

CREATE TABLE `menu` (
  `id` int(11) NOT NULL AUTO_INCREMENT,
  `nama` text DEFAULT NULL,
  `created_at` timestamp NOT NULL DEFAULT current_timestamp() ON UPDATE current_timestamp(),
  `updated_at` datetime DEFAULT NULL,
  PRIMARY KEY (`id`)
) ENGINE=InnoDB DEFAULT CHARSET=utf8mb4;

LOCK TABLES `menu` WRITE;
/*!40000 ALTER TABLE `menu` DISABLE KEYS */;

INSERT INTO `menu` (`id`, `nama`, `created_at`, `updated_at`)
VALUES
	(1,'Bandeng','2021-06-15 19:37:38',NULL),
	(2,'Bakpia','2021-06-15 19:37:48',NULL),
	(3,'Tahu','2021-06-15 19:37:53',NULL),
	(4,'Wingko','2021-06-15 19:38:08',NULL),
	(5,'Jenang','2021-06-15 19:38:20',NULL);

/*!40000 ALTER TABLE `menu` ENABLE KEYS */;
UNLOCK TABLES;


# Dump of table modal
# ------------------------------------------------------------

DROP TABLE IF EXISTS `modal`;

CREATE TABLE `modal` (
  `id` int(11) NOT NULL AUTO_INCREMENT,
  `keterangan` text DEFAULT NULL,
  `jumlah_modal` int(30) DEFAULT NULL,
  `created_at` timestamp NOT NULL DEFAULT current_timestamp() ON UPDATE current_timestamp(),
  `updated_at` datetime DEFAULT NULL,
  PRIMARY KEY (`id`)
) ENGINE=InnoDB DEFAULT CHARSET=latin1;



# Dump of table profit
# ------------------------------------------------------------

DROP TABLE IF EXISTS `profit`;

CREATE TABLE `profit` (
  `id` int(11) NOT NULL AUTO_INCREMENT,
  `t_stock` int(255) DEFAULT NULL,
  `nilai_barang` int(255) DEFAULT NULL,
  `nilai_aset` int(255) DEFAULT NULL,
  `sub_total` int(255) DEFAULT NULL,
  `modal` int(255) DEFAULT NULL,
  `income` int(255) DEFAULT NULL,
  `keterangan` text DEFAULT NULL,
  `created_at` timestamp NOT NULL DEFAULT current_timestamp() ON UPDATE current_timestamp(),
  `updated_at` datetime DEFAULT NULL,
  PRIMARY KEY (`id`)
) ENGINE=InnoDB DEFAULT CHARSET=latin1;



# Dump of table stock
# ------------------------------------------------------------

DROP TABLE IF EXISTS `stock`;

CREATE TABLE `stock` (
  `stock_id` int(11) NOT NULL AUTO_INCREMENT,
  `id_item` int(11) NOT NULL,
  `type` enum('in','out') NOT NULL,
  `detail` varchar(255) NOT NULL,
  `suplier_id` int(11) DEFAULT NULL,
  `qty` int(11) NOT NULL,
  `date` date NOT NULL,
  `jml` int(20) DEFAULT NULL,
  `created_at` datetime NOT NULL DEFAULT current_timestamp(),
  `user_id` int(11) NOT NULL,
  PRIMARY KEY (`stock_id`)
) ENGINE=InnoDB DEFAULT CHARSET=latin1;

LOCK TABLES `stock` WRITE;
/*!40000 ALTER TABLE `stock` DISABLE KEYS */;

INSERT INTO `stock` (`stock_id`, `id_item`, `type`, `detail`, `suplier_id`, `qty`, `date`, `jml`, `created_at`, `user_id`)
VALUES
	(4,27,'in','new',1,100,'2021-06-17',9000,'2021-06-17 16:19:48',6),
	(5,7,'in','new',1,100,'2021-06-21',100,'2021-06-21 12:13:02',6);

/*!40000 ALTER TABLE `stock` ENABLE KEYS */;
UNLOCK TABLES;


# Dump of table suplier
# ------------------------------------------------------------

DROP TABLE IF EXISTS `suplier`;

CREATE TABLE `suplier` (
  `id_suplier` int(11) NOT NULL AUTO_INCREMENT,
  `name` varchar(50) NOT NULL,
  `phone` varchar(30) NOT NULL,
  `address` varchar(255) NOT NULL,
  `description` text DEFAULT NULL,
  `created` datetime NOT NULL DEFAULT current_timestamp(),
  `updated` datetime DEFAULT NULL,
  PRIMARY KEY (`id_suplier`)
) ENGINE=InnoDB DEFAULT CHARSET=latin1;

LOCK TABLES `suplier` WRITE;
/*!40000 ALTER TABLE `suplier` DISABLE KEYS */;

INSERT INTO `suplier` (`id_suplier`, `name`, `phone`, `address`, `description`, `created`, `updated`)
VALUES
	(1,'Toko ABC','08995252006',' JLN kenangan',' Keterangan\r\n ','2021-03-29 15:23:07','2021-04-01 04:36:25'),
	(2,'Toko BAC','098989898989',' jln. madukoro',' ket','2021-03-29 16:14:48',NULL);

/*!40000 ALTER TABLE `suplier` ENABLE KEYS */;
UNLOCK TABLES;


# Dump of table tbl_barcode
# ------------------------------------------------------------

DROP TABLE IF EXISTS `tbl_barcode`;

CREATE TABLE `tbl_barcode` (
  `id_barcode` varchar(20) NOT NULL,
  `nama_barang` varchar(255) DEFAULT NULL,
  `image` varchar(255) DEFAULT NULL,
  `updated_at` datetime DEFAULT NULL,
  PRIMARY KEY (`id_barcode`)
) ENGINE=InnoDB DEFAULT CHARSET=utf8;

LOCK TABLES `tbl_barcode` WRITE;
/*!40000 ALTER TABLE `tbl_barcode` DISABLE KEYS */;

INSERT INTO `tbl_barcode` (`id_barcode`, `nama_barang`, `image`, `updated_at`)
VALUES
	('123456789','COBA',NULL,NULL),
	('8993500019103','MARIMAS 10\'S MANGO','',NULL),
	('8993500019109','COBA 1',NULL,NULL),
	('8993500019158','MARIMAS 10\'S ANGGUR','',NULL),
	('8993500019189','MARIMAS 10\'S STRAWBERRY','',NULL),
	('8993500019912','MARIMAS 10\'S ORANGE','',NULL),
	('8993500019929','MARIMAS 10\'S LIME','',NULL),
	('8993500019974','MARIMAS 10\'S MELON','',NULL),
	('8993560022006','DETTOL LIQUID 50ML','',NULL),
	('8993560022020','DETTOL LIQUID 100ML','',NULL),
	('8993560022044','DETTOL LIQUID 250ML','',NULL),
	('8993560022051','DETTOL LIQUID 500ML','',NULL),
	('8993560022068','DETTOL LIQUID 750ML','',NULL),
	('8993560022594','DETTOL DISH WASH 600ML REF LEMON','',NULL),
	('8993560022600','DETTOL DISH WASH 600ML REF LIME','',NULL),
	('8993560022617','DETTOL DISH WASH 750ML BTL LEMON','',NULL),
	('8993560022624','DETTOL DISH WASH 750ML BTL LIME','',NULL),
	('8993560022631','DETTOL DISH WASH 130ML REF LEMON','',NULL),
	('8993560022648','DETTOL DISH WASH 130ML REF LIME','',NULL),
	('8993560023003','DETTOL TALC 75G MENTOL','',NULL),
	('8993560023010','DETTOL TALC 150G MENTHOL','',NULL),
	('8993560023126','DETTOL TALC 75G FRESH','',NULL),
	('8993560023133','DETTOL TALC 150G FRESH','',NULL),
	('8993560024017','DETTOL SOAP 110G ORIGINAL','',NULL),
	('8993560024031','DETTOL SOAP 110G FRESH','',NULL),
	('8993560024116','DETTOL SOAP 70G SENSITIVE HK','',NULL),
	('8993560024130','DETTOL SOAP 110G SENSITIVE','',NULL),
	('8993560024147','DETTOL SOAP 70G 4+1 ORIGINAL','',NULL),
	('8993560024154','DETTOL SOAP 110G 4+1 FRESH','',NULL),
	('8993560024178','DETTOL SOAP 110G COOL','',NULL),
	('8993560024185','DETTOL SOAP 70G 4+1 COOL','',NULL),
	('8993560024192','DETTOL SOAP 110G 4+1 COOL','',NULL),
	('8993560024208','DETTOL SOAP 110G 4+1 SENSITIVE','',NULL),
	('8993560024215','DETTOL SOAP 110G SKIN CARE','',NULL),
	('8993560024222','DETTOL SOAP 110G 4+1 SKINCARE','',NULL),
	('8993560024239','DETTOL SOAP 70G 4+1 SKIN CARE','',NULL),
	('8993560024277','DETTOL SOAP 110G 4+1 ACTIVE','',NULL),
	('8993560024284','DETTOL SOAP 70G 4+1 ACTIVE','',NULL),
	('8993560024444','DETTOL SOAP 70G 4+1 FRESH','',NULL),
	('8993560024451','DETTOL SOAP 110G 4+1 ORIGINAL','',NULL),
	('8993560024529','DETTOL SOAP 70G 3S ORIGINAL','',NULL),
	('8993560024536','DETTOL SOAP 70G 3S FRESH','',NULL),
	('8993560024543','DETTOL SOAP 70G 3S COOL','',NULL),
	('8993560024550','DETTOL SOAP 110G 3S ORIGINAL','',NULL),
	('8993560024567','DETTOL SOAP 110G 3S FRESH','',NULL),
	('8993560024574','DETTOL SOAP 110G 3S COOL','',NULL),
	('8993560024635','DETTOL SOAP 70G ACTIVE HK','',NULL),
	('8993560024673','DETTOL SOAP 70G 3S FAMILY','',NULL),
	('8993560024796','DETTOL SOAP 70G 3S SKINCARE','',NULL),
	('8993560024802','DETTOL SOAP 70G 4+1 SENSITIVE','',NULL),
	('8993560024819','DETTOL SOAP 110G 3S FAMILY PACK','',NULL),
	('8993560024888','DETTOL SOAP 110G RE ENERGIZE','',NULL),
	('8993560024901','DETTOL SOAP 110G 3S ENERGIZE','',NULL),
	('8993560024918','DETTOL SOAP 70G 3S ENERGIZE','',NULL),
	('8993560024925','DETTOL SOAP 110G RADIANCE','',NULL),
	('8993560024949','DETTOL SOAP 110G 3S RADIANCE','',NULL),
	('8993560024994','DETTOL SOAP 70G ORIGINAL HK\'','',NULL),
	('8993560025014','DETTOL SOAP 70G COOL HK\'','',NULL),
	('8993560025038','DETTOL SOAP 70G FRESH HK\'','',NULL),
	('8993560025090','DETTOL SOAP 70G SKIN CARE HK\'','',NULL),
	('8993560025113','DETTOL SOAP 70G RE ENERGIZE HK\'','',NULL),
	('8993560025120','DETTOL SOAP 110G 4+1 ENERGIZI','',NULL),
	('8993560025137','DETTOL SOAP 70G 4+1 RE-ENERGIZE','',NULL),
	('8993560025144','DETTOL SOAP 110G 4+1 RADIANCE','',NULL),
	('8993560025168','DETTOL SOAP 110G 3S SENSITIVE','',NULL),
	('8993560025205','DETTOL SOAP 110G 3S SKINCARE','',NULL),
	('8993560025212','DETTOL SOAP 110G LASTING F','',NULL),
	('8993560025243','DETTOL SOAP 70G LF','',NULL),
	('8993560025250','DETTOL SOAP 110G 4+1 LF','',NULL),
	('8993560025274','DETTOL SOAP 110G 3S LF','',NULL),
	('8993560026004','DETTOL FOAM 250ML REF ORI','',NULL),
	('8993560026011','DETTOL FOAM 250ML REF FRESH','',NULL),
	('8993560026028','DETTOL FOAM 250ML REF SENSITIVE','',NULL),
	('8993560026035','DETTOL FOAM 450ML REF PINE','',NULL),
	('8993560026042','DETTOL FOAM 450ML REF FRESH','',NULL),
	('8993560026059','DETTOL FOAM 450ML REF SENSITIVE','',NULL),
	('8993560026066','DETTOL FOAM 250ML REF COOL','',NULL),
	('8993560026073','DETTOL FOAM 450ML REF COOL','',NULL),
	('8993560026080','DETTOL FOAM 300ML SKINCARE','',NULL),
	('8993560026097','DETTOL FOAM 450ML REF SKIN CARE','',NULL),
	('8993560026103','DETTOL FOAM 250ML REF SKINCARE','',NULL),
	('8993560026400','DETTOL FOAM 125ML ORIGINAL','',NULL),
	('8993560026417','DETTOL FOAM 125ML COOL','',NULL),
	('8993560026424','DETTOL FOAM 125ML FRESH\'','',NULL),
	('8993560026639','DETTOL FOAM 125ML SENSITIVE','',NULL),
	('8993560026646','DETTOL FOAM 125ML SKINCARE','',NULL),
	('8993560026660','DETTOL BW MEN 250ML AQUA','',NULL),
	('8993560026677','DETTOL BW MEN 250ML REF AQUA','',NULL),
	('8993560026684','DETTOL BW MEN 250ML EXTREME','',NULL),
	('8993560026691','DETTOL BW MEN 250ML REF EXTREME','',NULL),
	('8993560026707','DETTOL FOAM 450ML REF ENERGIZE','',NULL),
	('8993560026714','DETTOL FOAM 250ML REF ENERGIZE','',NULL),
	('8993560026721','DETTOL FOAM 300ML ENERGIZE','',NULL),
	('8993560026745','DETTOL FOAM 300ML RADIANT','',NULL),
	('8993560026752','DETTOL FOAM 450ML REF RADIANCE','',NULL),
	('8993560026769','DETTOL FOAM 250ML REF RADIANCE','',NULL),
	('8993560026806','DETTOL FOAM 450ML REF LF','',NULL),
	('8993560026813','DETTOL FOAM 300ML LF','',NULL),
	('8993560026820','DETTOL FOAM 250ML REF LF','',NULL),
	('8993560027001','DETTOL H/S 200ML REF ORI','',NULL),
	('8993560027209','DETTOL H/S 250ML BTL SENSITIVE','',NULL),
	('8993560027216','DETTOL H/S 200ML REF SENSITIVE','',NULL),
	('8993560027223','DETTOL H/S 250ML BTL SKINCARE','',NULL),
	('8993560027230','DETTOL H/S 200ML REF SKIN CARE','',NULL),
	('8993560027247','DETTOL H/S 50ML SANITISER','',NULL),
	('8993560027254','DETTOL H/S 200ML BTL SANITISER','',NULL),
	('8993560027278','DETTOL H/S 50ML SANITISER REFRES AL','',NULL),
	('8993560027292','DETTOL H/S 50ML SANITISER CAMOMILE','',NULL),
	('8993560027414','DETTOL H/S 135ML ORIGINAL','',NULL),
	('8993560027438','DETTOL AUTO HW CUC 250ML REF','',NULL),
	('8993560027445','DETTOL AUTO HW ORG 250ML REF','',NULL),
	('8993560027469','DETTOL AUTO HW CUC 250ML SET','',NULL),
	('8993560027476','DETTOL AUTO HW ORG 250ML SET','',NULL),
	('8993560027490','DETTOL H/S 135ML SENSITIVE','',NULL),
	('8993560027506','DETTOL H/S 135ML SKINCARE','',NULL),
	('8993560027537','DETTOL WIPES 10\'S','',NULL),
	('8993560027544','DETTOL WIPES 50\'S','',NULL),
	('8993560027568','DETTOL H/S 200ML REF RE-ENERGIZE','',NULL),
	('8993560027575','DETTOL H/S 250ML BTL ENERGIZE','',NULL),
	('8993560028015','DETTOL FOAM 300ML COOL','',NULL),
	('8993560033002','HARPIC 450ML POWER','',NULL),
	('8993560033019','HARPIC 450ML A.PINE','',NULL),
	('8993560033026','HARPIC 450ML A.FL','',NULL),
	('8993560033033','HARPIC 450ML LEMON FRESH','',NULL),
	('8993560033040','HARPIC 200ML POWER','',NULL),
	('8993560033071','HARPIC 450ML ROSE','',NULL),
	('8993560033088','HARPIC 200ML ROSE','',NULL),
	('8993560033095','HARPIC 450ML ORANGE','',NULL),
	('8993560033101','HARPIC 200ML ORANGE','',NULL),
	('8993560033163','VEJA MULTI USO REF 400ML LMN','',NULL),
	('8993560033170','VEJA MULTI USO REF 400ML FLORAL','',NULL),
	('8993560033187','VEJA MULTI USO REF 400ML ORI','',NULL),
	('8993560033248','VEJA MULTI USO 500ML LEMON BTL','',NULL),
	('8993560033255','VEJA MULTI USO 500ML FLORAL BTL','',NULL),
	('8993560033262','VEJA MULTI USO 500ML ORI BTL','',NULL),
	('8993560033279','VANISH CAIR 500ML BTL','',NULL),
	('8993560033286','VANISH CAIR 180ML BTL','',NULL),
	('8993560033293','VANISH CAIR 150ML REF','',NULL),
	('8993560033309','VANISH CAIR 450ML REF','',NULL),
	('8993560044015','TIGA RODA MORTEIN NG 450ML LALAT','',NULL),
	('8993560044114','TIGA RODA MORTEIN NG 450ML KECOA','',NULL),
	('8993560044138','TIGA RODA MORTEIN NG 600ML LALAT','',NULL),
	('8993560044206','TIGA RODA MORTEIN NG 600ML KECOA','',NULL),
	('8993560044305','TIGA RODA MORTEIN AICS COMPLIT','',NULL),
	('8993560044428','TIGA RODA MORTEIN NG 270ML KECOA','',NULL),
	('8993560066109','AIR WICK CLICK 15ML CITRUS','',NULL),
	('8993560066116','AIR WICK CLICK 15ML LAVENDER','',NULL),
	('8993560066123','AIR WICK CLICK 15ML AQUA','',NULL),
	('8993560066130','AIR WICK CLICK 15ML REF CITRUS','',NULL),
	('8993560066147','AIR WICK CLICK 15ML REF LAV','',NULL),
	('8993560066154','AIR WICK CLICK 15ML REF AQUA','',NULL),
	('8993560067205','AIR WICK C.L 4G LAVENDER','',NULL),
	('8993560067212','AIR WICK C.L 4G TOBACCO','',NULL),
	('8993560067229','AIR WICK C.L 4G CITRUS','',NULL),
	('8993560067236','AIR WICK C.L 4G WHITE FLOWER','',NULL),
	('8993560067243','AIR WICK C.L 4G PEACH','',NULL),
	('8993560067250','AIR WICK AROMA GEL 210G CITRUS','',NULL),
	('8993560067267','AIR WICK AROMA GEL 210G LAV','',NULL),
	('8993560067274','AIR WICK AROMA GEL 210G AQUA','',NULL),
	('8993560068202','AIR WICK ELEC 19ML COMPLET ROSE','',NULL),
	('8993560068219','AIR WICK ELEC 19ML COMPLET CITRUS','',NULL),
	('8993560070014','AIR WICK ELEC 19ML COMPLET LAV','',NULL),
	('8993560070038','AIR WICK ELEC 19ML REF CITRUS','',NULL),
	('8993560070045','AIR WICK ELEC 19ML REF LAV','',NULL),
	('8993560070052','AIR WICK ELEC 19ML REF ROSE','',NULL),
	('8993560081027','VANISH CAIR 1LT BTL','',NULL),
	('8993560148003','TIGA RODA BAKAR 12JAM GREEN','',NULL),
	('8993560150068','TIGA RODA BAKAR EW 10 JAM','',NULL),
	('8993560151041','STREPSIL 6\'S SUGARFREE','',NULL),
	('8993560155001','VEET HRC DRY SKIN 25G','',NULL),
	('8993560155018','VEET CREAM SENSITIVE 25G','',NULL),
	('8993560155025','VEET CREAM NORMAL 25G','',NULL),
	('8993560155032','VEET HRC DRY SKIN 60G','',NULL),
	('8993560155049','VEET CREAM SENSITIVE 60G','',NULL),
	('8993560155056','VEET CREAM NORMAL 60G','',NULL),
	('8993560155179','STREPSIL 6\'S SF STRAW','',NULL),
	('8993560155193','STREPSIL CHILDREN STRAW','',NULL),
	('8993564101271','PAZOLA 100G BAG TPG KENTUCKY','',NULL),
	('8993564101356','BELICO 630ML PINEAPPLE','',NULL),
	('8993564101363','BELICO 630ML ORANGE','',NULL),
	('8993564101370','BELICO 630ML GRAPE','',NULL),
	('8993564101417','BELICO 630ML COCOPANDAN','',NULL),
	('8993564101431','BELICO 630ML STRAWBERRY','',NULL),
	('8993564101448','BELICO 630ML LYCHEE','',NULL),
	('8993564101462','PAZOLA 150G BUMBU BUAH MANIS','',NULL),
	('8993564101479','PAZOLA 150G BUMBU BUAH PEDAS','',NULL),
	('8993564101516','PAZOLA 200G PACAR CINA','',NULL),
	('8993564101530','PAZOLA MACARONI SPIRAL 150G','',NULL),
	('8993564101547','PAZOLA MACARONI ELBOW 150G','',NULL),
	('8993564101554','PAZOLA MACARONI KERANG 150G','',NULL),
	('8993564101592','PAZOLA TAUCO ASLI 400G','',NULL),
	('8993564101677','PAZOLA 200G JALI-JALI IMPOR','',NULL),
	('8993564101684','PAZOLA 200G KCG HJ KUPAS','',NULL),
	('8993564101738','PAZOLA TAUCO ASLI 250G','',NULL),
	('8993564101813','PAZOLA 200G BOX TPG JAGUNG','',NULL),
	('8993564101905','GOFRESS 24\'S PEPPERMINT','',NULL),
	('8993564102223','MISOA CAP IKAN TERBANG 130G','',NULL),
	('8993564102230','KWETIAU CAP IKAN LAYAR 200G','',NULL),
	('8993588616728','BIO-V ALKALI 500ML','',NULL),
	('8993737883256','CLIP BOARD JSK BNG','',NULL),
	('8993811181704','ABON SAPI RATU DUA','',NULL),
	('8993817111068','ABON SAPI KENARI 100G','',NULL),
	('8993848978032','LAMPU AMASCO LED ENVI 3W','',NULL),
	('8993848978056','LAMPU AMASCO LED ENVI 5W','',NULL),
	('8993848978070','LAMPU AMASCO LED ENVI 7W.','',NULL),
	('8993848978094','LAMPU AMASCO LED ENVI 9W','',NULL),
	('8993848978117','LAMPU AMASCO LED ENVI 11W','',NULL),
	('8993848978131','LAMPU AMASCO LED ENVI 13W','',NULL),
	('8993848978209','LAMPU AMASCO LED ENVI 20W','',NULL),
	('8993887728162','TRIPPLE COMBO 18G X 20\'S COKLAT','',NULL),
	('8993904000011','MEIJI JIMBARAN 400ML VANILLA','',NULL),
	('8993904000028','MEIJI ESPESSIA VANILLA','',NULL),
	('8993904000165','MEIJI JIMBARAN 400ML CHOCOLATE','',NULL),
	('8993904000172','MEIJI ESPESSIA COKLAT','',NULL),
	('8993904000448','MEIJI TOBA LAKE CRUNCHY NUT','',NULL),
	('8993904000646','MEIJI ROCKS TWIST VANILA','',NULL),
	('8993904000653','MEIJI ROCKS TWIST CHOC','',NULL),
	('8993904000714','MEIJI TORAJA 900ML STRAWB MARBLE','',NULL),
	('8993904000721','MEIJI ROCKS TWIST DUREN JOY','',NULL),
	('8993904000790','MEIJI SNOWY LAND ALMOND','',NULL),
	('8993904000806','MEIJI SNOWY LAND CHOCOLATE','',NULL),
	('8993904000813','MEIJI SNOWY LAND VANILA','',NULL),
	('8993904000882','MEIJI GOLD MONAS CAPUCINO','',NULL),
	('8993904000899','MEIJI ROCKS CONE TIRAMISU','',NULL),
	('8993904000905','MEIJI ESSELS ORANGE 110ML','',NULL),
	('8993904000981','MEIJI TOBA LAKE VANILA CHOCOCHIPS','',NULL),
	('8993904001001','MEIJI TORAJA 900ML TIRAMISU CHOCO','',NULL),
	('8993904001032','MEIJI ESPESSIA CHOCO&VANILA','',NULL),
	('8993904001049','MEIJI DUO CHOC&STRAWB 1000ML','',NULL),
	('8993904001070','MEIJI MAX TASTY VAN ALMOND','',NULL),
	('8993904001087','MEIJI DUO DOUBLE CHOCO 1000ML','',NULL),
	('8993904001094','MEIJI DUO MOCCA&VANILA 1000ML','',NULL),
	('8993904001100','MEIJI DUO TIRAMISU&VANILA 1000ML','',NULL),
	('8993904001117','MEIJI ESPESSIA CHOCO&DURIAN','',NULL),
	('8993904001148','MEIJI ESPESSIA TRIPOLITAN','',NULL),
	('8993904001162','MEIJI TRIPLE FUN 1000ML','',NULL),
	('8993904001308','MEIJI MAX TASTY WHITE CHOC ALMOND','',NULL),
	('8993904002268','MEIJI JRENG JRENG 50ML GRAPE','',NULL),
	('8993904002282','MEIJI JRENG JRENG SODA ORANGE','',NULL),
	('8993904002299','MEIJI JRENG KEPANG BUBBLEGUM STRAW','',NULL),
	('8993904003012','MEIJI TAM TAM VANILLA','',NULL),
	('8993904003104','MEIJI TAM TAM STRAWBERRY','',NULL),
	('8993904003340','MEIJI ROCKS CONE VANILLA','',NULL),
	('8993904003371','MEIJI TORAJA 400ML ES TELER','',NULL),
	('8993904003593','MEIJI TAM TAM CHOCO\'','',NULL),
	('8993904003609','MEIJI TAM TAM PREBIO STRAW','',NULL),
	('8993904003616','MEIJI BUNAKEN KOPI SUSU','',NULL),
	('8993904003623','MEIJI TAM TAM PREBIO MIX FRUIT','',NULL),
	('8993904003630','MEIJI KUL KUL KCG HIJAU','',NULL),
	('8993904003647','MEIJI SKUBIDU ALPOKAT','',NULL),
	('8993904003661','MEIJI TAM TAM CHOCO VANILA','',NULL),
	('8993904003678','MEIJI TAM TAM CHOCO STRAW','',NULL),
	('8993904003685','MEIJI ROCKS BAR STRAWBERRY','',NULL),
	('8993904003708','MEIJI VOLCANO STRAWBERRY','',NULL),
	('8993904003715','MEIJI COOL SYUR DURIAN','',NULL),
	('8993904003722','MEIJI VOLCANO CHOCOLATE','',NULL),
	('8993904003814','MEIJI KUL-KUL IGLOO VANILLA','',NULL),
	('8993904003852','MEIJI KUL-KUL IGLOO STRAW YOUGURT','',NULL),
	('8993904003869','MEIJI VOLCANO BLUEBERRY YOGHURT','',NULL),
	('8993978206005','FOREVER AIR MINERAL 600ML','',NULL),
	('8993988030300','TAS PLASTIK JA 2723','',NULL),
	('8993988030317','TAS PLASTIK JA 2327','',NULL),
	('8993988031079','TAS PLASTIK JA 1925','',NULL),
	('8993988031567','TAS PLASTIK JA 3029','',NULL),
	('8993988032069','TAS PLASTIK JA 3234','',NULL),
	('8993988040101','MAP BINDER JK A5 CAMPUSS','',NULL),
	('8993988040279','MAP BINDER JK A5\'\'','',NULL),
	('8993988040361','MAP BINDER JK A5 JOYKO','',NULL),
	('8993988040422','MAP BINDER JK A5\'','',NULL),
	('8993988045038','MAP BINDER B5','',NULL),
	('8993988045052','MAP BINDER JA B5','',NULL),
	('8993988045199','MAP BINDER JK B5 CAMPUSS','',NULL),
	('8993988045281','MAP BINDER JK B5.','',NULL),
	('8993988045328','MAP BINDER B5 JOYKO','',NULL),
	('8993988048053','KLER KAYU JOYKO CP 12 PB','',NULL),
	('8993988050025','TIP-EX JK 201 PEN','',NULL),
	('8993988050216','JOYKO TIP-EX S201PT','',NULL),
	('8993988050339','TIP-EX JA01','',NULL),
	('8993988055013','TIP-EX JK CT-507','',NULL),
	('8993988055068','TIP EX JK CT 509','',NULL),
	('8993988060062','JOYKO CUTER L-500','',NULL),
	('8993988065005','JOYKO PAPER CLIP NO 5 JUMBO','',NULL),
	('8993988065029','JOYKO KLIP PAPER C3100','',NULL),
	('8993988065197','PAPER CLIP JOYKO NO.3','',NULL),
	('8993988065210','LAKBAN HITAM 1\'\'JK','',NULL),
	('8993988065234','LAKBAN HITAM 2\" JOYKO','',NULL),
	('8993988080206','DIARY JA D 1115 HA..','',NULL),
	('8993988082040','DIARY KANCING JA D-1813 MN','',NULL),
	('8993988083566','DIARY JOY-ART D 1813 BG','',NULL),
	('8993988084143','DIARY JA 1318','',NULL),
	('8993988084150','DIARY JA KD 1318 KUNCI','',NULL),
	('8993988084167','DIARY JA 1318 OT','',NULL),
	('8993988090021','PENGHAPUS JK B20','',NULL),
	('8993988090083','F/C PENGHAPUS JK B40BL','',NULL),
	('8993988090106','PENGHAPUS JOYKO ER 30W','',NULL),
	('8993988090182','PENGHAPUS JOYKO EB 30 CO','',NULL),
	('8993988106050','MAP BISNIS A4 JOYKO','',NULL),
	('8993988111009','LEM JOYKO STICK 8G','',NULL),
	('8993988111078','LEM CAIR JOYKO GLR 35','',NULL),
	('8993988111092','LEM JOYKO STICK 8G 65100','',NULL),
	('8993988130031','STABILO JOYKO HL 1','',NULL),
	('8993988130048','STABILO JOYKO HL 2','',NULL),
	('8993988130055','STABILO JOYKO HL 3','',NULL),
	('8993988130062','STABILO JOYKO HL 4','',NULL),
	('8993988130079','STABILO JOYKO HL 5','',NULL),
	('8993988130338','STABILO JOYKO HL 33','',NULL),
	('8993988130345','STABILO JOYKO HL 34','',NULL),
	('8993988130352','STABILO JOYKO HL 35','',NULL),
	('8993988150060','POST IT JOYKO IM-31','',NULL),
	('8993988190004','JOYKO KEY RING KR6','',NULL),
	('8993988190011','JOYKO KEY RING KR7-6','',NULL),
	('8993988220053','JOYKO LOOSE LEAF A5 50S','',NULL),
	('8993988220060','LOOSE LEAF A5 100 JOYKO','',NULL),
	('8993988220077','JOYKO LOOSE LEAF B-5 50\'S','',NULL),
	('8993988220084','JOYKO LOOSE LEAF 100','',NULL),
	('8993988247524','POST IT JOYKO MMS 0654','',NULL),
	('8993988280002','JOYKO JK-100 KING JELLER','',NULL),
	('8993988280804','PENA JOYKO BP 165','',NULL),
	('8993988309000','PIANIKA JOYKO PNC-20','',NULL),
	('8993988309024','PIANIKA JOYKO PNC 20 SC','',NULL),
	('8993988310006','JOYKO PUNCH HOLDER N0 85','',NULL),
	('8993988310020','PELUBANG JOYKO NO.40XL','',NULL),
	('8993988310037','JOYKO PUNCH NO.30 XL','',NULL),
	('8993988310044','PUSH PINS JK PP 30','',NULL),
	('8993988310068','JOYKO PUNCH 30-2T','',NULL),
	('8993988343042','GARISAN 30CM JOYKO PLASTIK','',NULL),
	('8993988345015','GUNTING JK 848','',NULL),
	('8993988350002','STAPLER JOYKO HD-10','',NULL),
	('8993988350026','JOYKO STAPLER HD-30','',NULL),
	('8993988350027','STAPLES NO.3 KENKO','',NULL),
	('8993988350040','STAPLER JK 10D','',NULL),
	('8993988350064','STAPLER JK HD 10 MINI','',NULL),
	('8993988350330','STAPLES MINI JOYKO NO.10','',NULL),
	('8993988355007','JOYKO ISI STAPLES NO 10','',NULL),
	('8993988355021','JOYKO ISI STAPLES  NO.3','',NULL),
	('8993988370048','LAKBAN HITAM 1\" JOYKO','',NULL),
	('8993988370062','LAKBAN HITAM 2\" JK','',NULL),
	('8993988370086','LAKBAN HITAM 11/2\" JK','',NULL),
	('8993988375012','DISPENSER OPP JK TD 2','',NULL),
	('8993988375043','JOYKO TAPE DISPENSER 103','',NULL),
	('8993988375074','JOYKO DISPENSER TD 102','',NULL),
	('8993988375104','TAPE DISPENSER OPP JK TD 2S','',NULL),
	('8993988690047','PENGHAPUS JK B40','',NULL),
	('8993989311279','CLAS MILD 12','',NULL),
	('8993989311699','CLAS MILD 16','',NULL),
	('8993989511679','CLAS MILD 16 MENTHOL','',NULL),
	('8994002150127','TEH BEDJUWIT 50GR','',NULL),
	('8994017101169','ABON SAPI CAP WAYANG 90G','',NULL),
	('8994017101183','ABON SAPI 90G NURI','',NULL),
	('8994023000029','MEGCHEDDAR 180G','',NULL),
	('8994023000050','MEG KEJU 180G SERBAGUNA','',NULL),
	('8994027101012','DODOL PREMIUM 800G','',NULL),
	('8994027101029','DODOL PREMIUM 400G','',NULL),
	('8994027101067','DODOL PREMIUM 400G ROLL','',NULL),
	('8994027101081','DODOL PREMIUM 200G WIJEN','',NULL),
	('8994027101159','DODOL PREMIUM 400G DURIAN','',NULL),
	('8994027101333','DODOL PREMIUM 400G WIJEN','',NULL),
	('8994037000015','AULIA LLR 250G MILK','',NULL),
	('8994037000022','AULIA LLR 250G BENGKOANG','',NULL),
	('8994037000046','AULIA B/S 800ML BLUE','',NULL),
	('8994037000053','AULIA B/S 800ML PINK','',NULL),
	('8994037000060','AULIA B/S 800ML LAVENDER','',NULL),
	('8994037000176','AULIA NIGHT CREAM 20G','',NULL),
	('8994037110011','TOKYO 828 PEWANGI 80G ORANGE','',NULL),
	('8994037110028','TOKYO 828 PEWANGI 80G LEMON','',NULL),
	('8994037110035','TOKYO 828 PEWANGI 80G LIME','',NULL),
	('8994037110042','TOKYO 828 PEWANGI 80G STRAW','',NULL),
	('8994037110349','AULIA DAILY LOT 500ML MUSK','',NULL),
	('8994037110356','AULIA DAILY LOT 500ML FLORAL','',NULL),
	('8994037110363','AULIA DAILY LOT 500ML TENDER','',NULL),
	('8994037110370','AULIA DAILY LOT 500ML ROMANTIC','',NULL),
	('8994037700212','WENIS POT 70G ORANGE','',NULL),
	('8994037700236','WENIS POT 70G STRAWBERRY','',NULL),
	('8994037700243','WENIS POT 70G LEMON','',NULL),
	('8994037700250','WENIS POT 70G LIME','',NULL),
	('8994037700267','SANIC 828 80G REF LEMON','',NULL),
	('8994037700274','SANIC 828 80G REF ORANGE','',NULL),
	('8994037700281','SANIC 828 80G REF MELON','',NULL),
	('8994037700298','SANIC 828 80G REF LAVENDER','',NULL),
	('8994037700793','SANIC SCENT 80GR LEMON','',NULL),
	('8994037700809','SANIC SCENT 80GR CITRUS','',NULL),
	('8994037700823','SANIC SCENT 80GR LAVENDER','',NULL),
	('8994037700830','SANIC SCENT 80GR HONEY DEW','',NULL),
	('8994037700854','AULIA HBL 600ML MUSKY','',NULL),
	('8994037700861','AULIA HBL 600ML CALMING','',NULL),
	('8994037700878','MONFINA BW 850 SPORTY','',NULL),
	('8994037700885','SANIC CRYSTAL 70ML EXOTIC SCENT','',NULL),
	('8994037700892','SANIC CRYSTAL 70ML ROMANTIC','',NULL),
	('8994037701004','AULIA TRANSPARENT BAR 80G LAV','',NULL),
	('8994037701035','AULIA HBL 125ML MUSKY','',NULL),
	('8994037701059','MONFINA ROLL ON 60ML FANTASY','',NULL),
	('8994037701066','MONFINA ROLL ON 60ML CLASSIC','',NULL),
	('8994037701103','AULIA B/M 110ML DREAM/UNGU','',NULL),
	('8994037701110','AULIA HBL 600ML MILKY','',NULL),
	('8994037701127','AULIA B/M 110ML BLOSSOM/PINK','',NULL),
	('8994037701134','AULIA B/M 110ML FROST/PINK','',NULL),
	('8994037701165','MONFINA BW 850 ROSE','',NULL),
	('8994037701189','MONFINA BW 850 LAVENDER','',NULL),
	('8994037701202','MONFINA ROLL ON 60ML WISDOM','',NULL),
	('8994037701219','SANIC CRYSTAL REF LEMON 70ML','',NULL),
	('8994037701233','B-FREE ROLL ON 50ML WHITE SILK','',NULL),
	('8994037701325','AULIA ROLL ON 50ML MASCULIN','',NULL),
	('8994037701332','AULIA TRANSPARENT BAR 80G WHITE','',NULL),
	('8994037701387','AULIA B/S 800ML GREEN TEA','',NULL),
	('8994037701394','SANIC 828 80G REF FLORAL','',NULL),
	('8994037701486','AULIA ROLL ON 50ML TENDER','',NULL),
	('8994037701660','AULIA HBL 600ML LOVELY','',NULL),
	('8994037701912','SANIC CRYSTAL 70ML ORANGE','',NULL),
	('8994037701998','B-FREE ROLL ON 50ML PURE PURPLE','',NULL),
	('8994037702025','SANIC CRYSTAL 70ML LEMON','',NULL),
	('8994037702155','B-FREE ROLL ON 50ML SPORT','',NULL),
	('8994037702223','MONFINA ROLL ON 60ML SERENITY','',NULL),
	('8994037702230','B-FREE ROLL ON 50ML COOL PINK','',NULL),
	('8994037702605','B-FREE ROLL ON 50ML COOL BLUE','',NULL),
	('8994037702759','B-FREE KIDS SHP 200ML ORANGE','',NULL),
	('8994037702797','TOKYO AROMA 80G LEMON','',NULL),
	('8994037702964','AULIA ROLL ON 50ML MUSKY','',NULL),
	('8994037702988','AULIA ROLL ON 50ML SPORTY','',NULL),
	('8994037703008','B-FREE ROLL ON 50ML GREEN ORIGINAL','',NULL),
	('8994037703220','B-FREE ROLL ON 50ML SEDUCTIVE S','',NULL),
	('8994037703244','B-FREE ROLL ON 50ML BLACK','',NULL),
	('8994037703251','AULIA ROLL ON 50ML FLORAL','',NULL),
	('8994037703282','B-FREE KIDS SHP 200ML GRAPE','',NULL),
	('8994037703367','MONFINA ROLL ON 60ML HARMONY','',NULL),
	('8994037703398','TOKYO AROMA 80G SUNKIST','',NULL),
	('8994037703459','AULIA ROLL ON 50ML ROMANTIC','',NULL),
	('8994037703480','B-FREE KIDS SHP 200ML HONEY DEW','',NULL),
	('8994037703541','WENIS HANGER 50G ORANGE','',NULL),
	('8994037703664','TOKYO AROMA 80G HONEY DEW','',NULL),
	('8994037703749','WENIS HANGER 50G LEMON','',NULL),
	('8994037703794','B-FREE KIDS SHP 200ML STRAW','',NULL),
	('8994037703855','TOKYO AROMA 80G LAVENDER','',NULL),
	('8994037800011','SANIC CRYSTAL REF EXOTIC 70ML','',NULL),
	('8994037800035','AULIA LULUR BRIGHT 800G','',NULL),
	('8994037800042','WENIS HANGER 50G FLORAL','',NULL),
	('8994037800066','AULIA LULUR SOFT 800G','',NULL),
	('8994037800073','AULIA HBL 125ML UNGU','',NULL),
	('8994037800080','SANIC CRYSTAL REF ORANGE/LEMON 70ML','',NULL),
	('8994037800103','AULIA B/M 110ML SPARKLE/BIRU','',NULL),
	('8994037800110','SANIC CRYSTAL REF ROMANTIC 70ML','',NULL),
	('8994037800127','AULIA LULUR WHITE 800G','',NULL),
	('8994037800202','AULIA B/M 110ML BLACK','',NULL),
	('8994037800219','AULIA B/M 110ML WHITE LOVE','',NULL),
	('8994037800233','AULIA HBL 125ML CALMING/MERAH','',NULL),
	('8994037800240','AULIA HBL 125ML MILKY','',NULL),
	('8994037800486','MONFINA BW 850 G .TEA','',NULL),
	('8994037800509','AULIA FOOT CREAM 60G','',NULL),
	('8994037800608','WENIS HANGER 50G LAVENDER','',NULL),
	('8994037800653','AULIA B/M 65ML PURPLE','',NULL),
	('8994037800660','AULIA B/M 65ML PINK','',NULL),
	('8994037800677','AULIA B/M 65ML RED','',NULL),
	('8994037800684','AULIA B/M 65ML BLUE','',NULL),
	('8994037800691','AULIA B/M 65ML BLACK','',NULL),
	('8994037800707','AULIA B/M 65ML WHITE LOVE','',NULL),
	('8994037800714','TOKYO 828 PEWANGI 80G LAVENDER','',NULL),
	('8994037800721','AULIA HBL 600ML GREEN TEA','',NULL),
	('8994037800776','MONFINA B/M 70ML OB','',NULL),
	('8994037800783','MONFINA B/M 70ML DT','',NULL),
	('8994037800790','MONFINA B/M 70ML LF','',NULL),
	('8994037800806','MONFINA B/M 70ML SD','',NULL),
	('8994037800905','AULIA TWC UV 12.8G BEIGE D','',NULL),
	('8994037800912','AULIA TWC UV 12.8G IVORY C','',NULL),
	('8994037801001','AULIA TWC UV 12.8G IVORY REF','',NULL),
	('8994037801056','AULIA TONER 150M','',NULL),
	('8994037801162','EVANY LULUR 100G BENGKOANG','',NULL),
	('8994037801193','EVANY LULUR 100G PEPAYA','',NULL),
	('8994037801216','EVANY LULUR 100G AVOCADO','',NULL),
	('8994037801230','EVANY LULUR 100G GREEN TEA','',NULL),
	('8994037801247','MONFINA B/L 700ML MILKY','',NULL),
	('8994037801254','MONFINA B/L 700ML FRESH GARDEN','',NULL),
	('8994037801261','MONFINA B/L 700ML EXOTIC MUSK','',NULL),
	('8994037801278','MONFINA B/L 700ML MISTERIOUS','',NULL),
	('8994037801308','AULIA MASCARA VOLUME BLACK','',NULL),
	('8994037801360','B-FREE KIDS SHOWER GEL 300ML ORG','',NULL),
	('8994037801377','B-FREE KIDS SHOWER GEL 300ML HJ','',NULL),
	('8994037801384','B-FREE KIDS SHOWER GEL 300ML RED','',NULL),
	('8994037801391','B-FREE KIDS SHOWER GEL 300ML PURP','',NULL),
	('8994037801407','MONFINA B/S REF 800ML ROSE','',NULL),
	('8994037801414','MONFINA B/S REF 800ML LAVENDER','',NULL),
	('8994037801421','MONFINA B/S REF 800ML SPORTY','',NULL),
	('8994037801438','MONFINA B/S REF 800ML G.TEA','',NULL),
	('8994037801445','MONFINA B/W 400ML REF ROSE','',NULL),
	('8994037801452','MONFINA B/W 400ML REF LAV','',NULL),
	('8994037801469','MONFINA B/W 400ML REF SPORTY','',NULL),
	('8994037801476','MONFINA B/W 400ML REF GT','',NULL),
	('8994037801483','AULIA CLEANSING REMOVER 150ML','',NULL),
	('8994037801490','AULIA BEAUTY CREAM 20G','',NULL),
	('8994037801506','AULIA MOIS CREAM 20G','',NULL),
	('8994037801513','AULIA FOUND CREAM 20G BEIGE','',NULL),
	('8994037801537','AULIA FOUND CREAM 20G IVORY','',NULL),
	('8994037801629','AULIA LIPSTICK MOIST 4G 02','',NULL),
	('8994037801636','AULIA MOIS LIPS 03 FLAME','',NULL),
	('8994037801643','AULIA LIPSTICK MOIST 4G 04','',NULL),
	('8994037801650','AULIA LIPSTICK MOIST 4G 05','',NULL),
	('8994037801667','AULIA LIPSTICK MOIST 4G 06','',NULL),
	('8994037801674','AULIA LIPSTICK MOIST 4G 07','',NULL),
	('8994037801681','AULIA LIPSTICK MOIST 4G 08','',NULL),
	('8994037801711','AULIA MOIS LIPS 11 CARAMEL','',NULL),
	('8994037801902','AULIA CREAM BB  50G 01','',NULL),
	('8994037801919','AULIA CREAM BB  50G 02','',NULL),
	('8994037801964','AULIA HAIR TREATANEAT VIT.E 30ML','',NULL),
	('8994037801971','AULIA SHP 600 TREATMEN','',NULL),
	('8994037801988','AULIA SHP 600 NUTRIEN','',NULL),
	('8994037801995','AULIA SHP 600 REFRESING','',NULL),
	('8994037802138','AULIA SHP 600 SENSATION','',NULL),
	('8994037802336','AULIA SPON PETAK/BULAT','',NULL),
	('8994037802404','AULIA FACIAL FOAM 100G ACNE','',NULL),
	('8994037802411','AULIA FACIAL FOAM 100G MOIST','',NULL),
	('8994037802428','AULIA HBL 600ML COOL','',NULL),
	('8994037802459','AULIA EYELINER WP BLACK','',NULL),
	('8994037802466','AULIA LONG LASH MASCARA BLACK','',NULL),
	('8994037802589','AULIA MOIS LIPS 15 FROSTY PLUM','',NULL),
	('8994037802596','AULIA HBL 600ML GOATS MILK','',NULL),
	('8994037802602','AULIA HBL 125ML GOAT\'S MILK','',NULL),
	('8994037802619','AULIA B/M 110ML PEACH DELIGHT','',NULL),
	('8994037802626','AULIA B/M 110ML NAVY STYLE','',NULL),
	('8994037802657','AULIA HBL 600ML BENGKOANG','',NULL),
	('8994037802664','AULIA HBL 125ML BENGKOANG','',NULL),
	('8994037802671','MONFINA B/L 700ML GOAT\'S MILK','',NULL),
	('8994037802688','AULIA LLR SUTRA 250G BENGKOANG','',NULL),
	('8994037802695','AULIA LLR SUTRA 250G SEA SALT','',NULL),
	('8994037802701','AULIA LLR SUTRA 250G CENDANA','',NULL),
	('8994037802725','AULIA LLR SUTRA 250G RICE EXTRA','',NULL),
	('8994037802732','AULIA LLR SUTRA 250G LEMON SEREH','',NULL),
	('8994037802749','AULIA LLR SUTRA 250G GOAT MILK','',NULL),
	('8994037802756','AULIA B/M 65ML PEACH DELIGHT','',NULL),
	('8994037802763','AULIA B/M 65ML NAVY STYLE','',NULL),
	('8994037802770','AULIA TWC SB 12.8G SN','',NULL),
	('8994037802787','AULIA TWC SB 12.8G LI','',NULL),
	('8994037802831','AULIA WHITE LOTION 425ML R&M','',NULL),
	('8994037802848','AULIA WHITE LOTION 425ML W&H','',NULL),
	('8994037803043','B-FREE ROLL ON KACA 50ML SWEET','',NULL),
	('8994037803050','B-FREE ROLL ON KACA 50ML ENERGETIC','',NULL),
	('8994037803067','B-FREE ROLL ON KACA 50ML DYNAMIC','',NULL),
	('8994043110067','KENDI BAKING POWDER 45G','',NULL),
	('8994043110074','KENDI SODA KUE 81G','',NULL),
	('8994043110081','CLARA TEPUNG JAGUNG 100G','',NULL),
	('8994043110098','CLARIS 250G GULA TABUR DONAT','',NULL),
	('8994043110104','ROMAN COKLAT BUBUK','',NULL),
	('8994043110111','KENDI SP BESAR','',NULL),
	('8994043110135','KENDI OVALET BESAR','',NULL),
	('8994043110142','KENDI TBM BESAR','',NULL),
	('8994043110159','BON COCO COKLAT BUBUK 10\'SX20','',NULL),
	('8994043110210','KENDI TBM KECIL','',NULL),
	('8994043110227','KENDI OVALET KECIL','',NULL),
	('8994043110234','KENDI SP KECIL','',NULL),
	('8994043110289','CLARIS TEPUNG GULA 500G','',NULL),
	('8994043110302','CLARIS SODA KUE','',NULL),
	('8994043110319','CLARIS TEPUNG GULA 250G','',NULL),
	('8994043110371','CLARA TEPUNG JAGUNG 200G','',NULL),
	('8994051120294','TOP UNDERPADS 10S','',NULL),
	('8994051120416','TOP UNDERPADS 10S SPECIAL','',NULL),
	('8994051120485','VELVY SC 800ML ROSEHIP & PEACH','',NULL),
	('8994051120492','VELVY SC 800ML GREENTEA & ALOE','',NULL),
	('8994051120508','VELVY SC 800ML R.JELLY & SUNFLWR','',NULL),
	('8994051120515','VELVY SC 800ML SILK & GRAPE','',NULL),
	('8994051120522','VELVY SC 800ML LICORICE & SHEA','',NULL),
	('8994064110176','DODO BOTOL JUICE 30ML','',NULL),
	('8994064110183','DODO BOTOL JUICE 50ML','',NULL),
	('8994064110237','DODO KOMPENG SA1','',NULL),
	('8994064110244','DODO KOMPENG SA3','',NULL),
	('8994064110268','DODO KOMPENG SA2','',NULL),
	('8994064110381','DODO CB EF150\'S 131','',NULL),
	('8994064110565','DODO BRESH PUMP','',NULL),
	('8994064110671','DODO BOTOL SF W/HANDLE 7 OZ','',NULL),
	('8994064110954','DODO BOTOL PAHE 2OZ','',NULL),
	('8994064110961','DODO BOTOL PAHE 4OZ','',NULL),
	('8994064110978','DODO BOTOL PAHE 8OZ','',NULL),
	('8994064111203','DODO BOTOL PEANUTW/HANDLE 4OZ','',NULL),
	('8994064111210','DODO BOTOL PEANUTW/HANDLE 9OZ','',NULL),
	('8994064111395','DODO BOTOL BEAR 10 OZ','',NULL),
	('8994065000032','PEACH 3010 EYE SHADOW+BLUSHER','',NULL),
	('8994065000049','POLABIS MAKE UP KIT 616','',NULL),
	('8994065000070','POLABIS MAKE UP KIT 624','',NULL),
	('8994065000117','PEACH EYE SHADOW 3018\'','',NULL),
	('8994065000124','PEACH MAKE UP KIT 407','',NULL),
	('8994065000131','POLABIS MAKE UP KIT 626','',NULL),
	('8994065000148','POLABIS MAKE UP KIT 715','',NULL),
	('8994065000285','PEACH MASCARA 11ML','',NULL),
	('8994065000292','PEACH EYELINER 5ML','',NULL),
	('8994066110129','TOP LADY SHAMPOO 6\'S','',NULL),
	('8994075230399','MOMOGI 18G STICK JAGUNG BAKAR','',NULL),
	('8994075230412','MOMOGI 18G STICK KEJU','',NULL),
	('8994075230436','MOMOGI 18G STICK CHOCOLATE','',NULL),
	('8994075230528','MOMOGI 18G PASTA SUSU VANILLA','',NULL),
	('8994075230535','MOMOGI 18G PASTA CHOCOLATE','',NULL),
	('8994075230573','MOMOGI 18G PASTA STRAWBERRY','',NULL),
	('8994075230641','MOMOGI 15G CRAC JAGUNG BAKAR','',NULL),
	('8994075230658','MOMOGI 15G CRAC HOT & SPICE','',NULL),
	('8994075230689','MOMOGI 12G CRAC STAR CHOCOLATE','',NULL),
	('8994075230696','MOMOGI MINI TWIST JAGUNG BAKAR','',NULL),
	('8994075230849','STICK SALUT CIOUS 20\'S X 14G VNL','',NULL),
	('8994075230856','STICK SALUT CIOUS 20\'S X 14G CKL','',NULL),
	('8994075230863','MOMOGI 18G STICK CAPPUCCINO','',NULL),
	('8994075230870','MOMOGI 18G STICK TUTTI FRUTTI','',NULL),
	('8994075230962','TRITOS 10G BALADO','',NULL),
	('8994075230979','TRITOS 10G BBQ','',NULL),
	('8994075230993','MW ELITE 26GX20\'S CHERRY/CAP/COCO P','',NULL),
	('8994075231259','SUPERO SALUT 11GX10\'S COKLAT','',NULL),
	('8994075240305','TRITOS 20G BALADO','',NULL),
	('8994075250175','TRITOS 60G SEAWEED','',NULL),
	('8994075250182','TRITOS 60G HOT SPICY BALADO','',NULL),
	('8994075250229','TWIST POP 60G HOT & SPICY','',NULL),
	('8994075250236','TWIST POP 60G ROASTED CORN','',NULL),
	('8994075260310','TRITOS 110 SNACK BALADO','',NULL),
	('8994075260327','TRITOS 110G SNACK BBQ','',NULL),
	('8994075260426','HOLA STICK 500G BALADO','',NULL),
	('8994075260471','HOLA STICK 500G JAGUNG BAKAR','',NULL),
	('8994075530208','MOMOGI MINI POTATO 10G ORIGINAL','',NULL),
	('8994075540016','CITOKU KENTANG COLEK 18G','',NULL),
	('8994075540238','MOMOGI STICK POTATO','',NULL),
	('8994075540245','CITOKU KENTANG COLEK 13G','',NULL),
	('8994075540283','CITOKU KENTANG 13G RUMPUT LAUT','',NULL),
	('8994075540306','POTATOS POTATO 15G','',NULL),
	('8994075550060','CITOKU KENTANG COLEK 30G','',NULL),
	('8994075550077','CITOKU 30G ORIGINAL KEONG','',NULL),
	('8994075560014','MOMOGI POTATO STICK 80G ORIGINAL','',NULL),
	('8994075560021','MOMOGI POTATO STICK 80G HOT CHEESE','',NULL),
	('8994075560038','MOMOGI POTATO MINI STICK 80G ORIGIN','',NULL),
	('8994075560052','CITOKU 50G KENTANG COLEK','',NULL),
	('8994075560069','CITOKU 50G HOT CHEESE','',NULL),
	('8994075560106','CITOKU KENTANG GORENG 50G SEAWED','',NULL),
	('8994075570013','HOLA POTATO 250G ORI','',NULL),
	('8994075570068','HOLA POTATO 250G RUMPUT LAUT','',NULL),
	('8994075570075','HOLA POTATO 250G AYAM PANGGANG','',NULL),
	('8994075730028','MOMOGI WAFER CREAM 20G VANILLA','',NULL),
	('8994075730035','MIGI2 WFR SALUT COKLAT 12GX10\'S','',NULL),
	('8994075730042','MIGI2 WFR SALUT VANILLA 12GX10\'S','',NULL),
	('8994075730080','MOMOGI WAFER CREAM 20G COKLAT','',NULL),
	('8994075730134','MOMOGI WAFER 2IN1 12G','',NULL),
	('8994075740072','MIGI2 WFR 30G VANILLA','',NULL),
	('8994075740089','MIGI2 WFR 30G COKLAT','',NULL),
	('8994075740096','MIGI2 WFR 30G STRAWBERRY','',NULL),
	('8994075750057','MIGI2 WFR 60G VANILLA','',NULL),
	('8994075750064','MIGI2 WFR 60G COKLAT','',NULL),
	('8994075750071','MIGI2 WFR 60G STRAWBERRY','',NULL),
	('8994089000230','NUTRIBIS MINI-CRISPY 60GX48','',NULL),
	('8994089000285','NUTRIBIS MINI MALKIST 35G','',NULL),
	('8994089000315','NUBIS MARIE BISCUIT 65G','',NULL),
	('8994089000353','NUBIS BISNACK KEJU 15G','',NULL),
	('8994089000384','NUTRIBIS BISNACK JAGUNG 60G','',NULL),
	('8994089000629','NUTRIBIS APEL CREAM 150G','',NULL),
	('8994089000896','NUTRIBIS COKLAT CREAM 150G','',NULL),
	('8994089001213','NUBIS MINI PUFF 320G','',NULL),
	('8994089001244','NUTRIBIS COKLAT CREAM 40G','',NULL),
	('8994089001466','NUTRIBIS JAGUNG CREAM 150G','',NULL),
	('8994093800024','ABON SAPI RATU 100G','',NULL),
	('8994094000010','DAIRY CHAMP SKM 390G','',NULL),
	('8994094000027','DAIRY CHAMP SKM 500G','',NULL),
	('8994094000089','DAIRY CHAMP SKM SC 6\'S','',NULL),
	('8994111251234','PRO-KASA 180ML GINSENG','',NULL),
	('8994111352139','EXTRAGAR PULPY ORANGE 360ML','',NULL),
	('8994111352436','FRUTI BUBBLE 200ML','',NULL),
	('8994111352467','EXTRAGAR 175ML','',NULL),
	('8994111352481','EKSTRAGAR 225ML ISOTONIK','',NULL),
	('8994111352504','EXTRAGAR 500ML','',NULL),
	('8994116101022','COUNTRY CHOICE 1LT PINEAPPLE','',NULL),
	('8994116101091','COUNTRY CHOICE 1LT MIX FRUIT','',NULL),
	('8994116101107','COUNTRY CHOICE 1LT GUAVA','',NULL),
	('8994116101121','COUNTRY CHOICE 1LT MANGGA','',NULL),
	('8994116101145','COUNTRY CHOICE 1LT ORANGE','',NULL),
	('8994116101152','COUNTRY CHOICE 1LT SOURSOP','',NULL),
	('8994116101169','COUNTRY CHOICE 1LT APPLE PULP','',NULL),
	('8994116101176','COUNTRY CHOICE 250ML ORANGE','',NULL),
	('8994116101183','COUNTRY CHOICE 250ML MANGGA','',NULL),
	('8994116101190','COUNTRY CHOICE 250ML GUAVA','',NULL),
	('8994116101206','COUNTRY CHOICE 250ML APEL JUICE','',NULL),
	('8994116102043','COUNTRY CHOICE 200ML MIXED FRUIT','',NULL),
	('8994116102081','COUNTRY CHOICE 200ML APPLE','',NULL),
	('8994116102111','COUNTRY CHOICE 200ML SOURSOP','',NULL),
	('8994116102128','COUNTRY C MAMBO 200ML APPLE','',NULL),
	('8994116102142','COUNTRY C MAMBO 200ML MANGGA','',NULL),
	('8994116102159','COUNTRY C MAMBO 200ML GUAVA','',NULL),
	('8994116102166','COUNTRY C MAMBO 200ML SIRSAK','',NULL),
	('8994116102173','COUNTRY C MAMBO 200ML STRAW','',NULL),
	('8994116102180','COUNTRY C MAMBO 200ML LECI','',NULL),
	('8994116102197','COUNTRY C MAMBO 200ML GRAPE','',NULL),
	('8994116900069','COUNTRY CHOICE 1LT APPLE\'','',NULL),
	('8994122398126','COCOMAS 200ML SANTAN BOX','',NULL),
	('8994122598120','COCOMAS SANTAN KELAPA 1LT','',NULL),
	('8994122870066','COCOMAS NATA DE COCO 1LT','',NULL),
	('8994122998128','BUMAS 180ML COCONUT CREAM','',NULL),
	('8994129800028','WATER FIT HEXSAGONAL 600ML','',NULL),
	('8994130607005','BELFOODS RY CHIC GOLDEN FILLET 250G','',NULL),
	('8994136011264','RIA BANGKET 1350G','',NULL),
	('8994136040806','RIA WAFER 300G COKLAT\'','',NULL),
	('8994136040813','RIA WAFER 300G STRAW\'','',NULL),
	('8994136040820','RIA WAFER 300G PANDAN\'','',NULL),
	('8994136040837','RIA WAFER 300G LEMON\"','',NULL),
	('8994136040844','RIA WAFER 300G VANILI MILK','',NULL),
	('8994136040851','RIA WAFER 300G TUTIFRUTI\'','',NULL),
	('8994136090634','RIA BISKUIT KELAPA 350G','',NULL),
	('8994136093628','RIA WAFER 140G TUTTI FRUTTI','',NULL),
	('8994136093635','RIA WAFER 140G CHOCO','',NULL),
	('8994136093642','RIA WAFER 300G STRAW','',NULL),
	('8994136093659','RIA WAFER 300G PANDAN','',NULL),
	('8994136093666','RIA WAFER 140G LEMON','',NULL),
	('8994136093673','RIA WAFER 300G TUTIFRUTI','',NULL),
	('8994136093680','RIA WAFER 140G STRAWBERRY','',NULL),
	('8994136093697','RIA WAFER 140G PANDAN','',NULL),
	('8994136093703','RIA WAFER 300G COKLAT','',NULL),
	('8994136093710','RIA WAFER 300G LEMON\'','',NULL),
	('8994136110165','RIA BANKET 425G','',NULL),
	('8994146030019','AFDHALUN MIE KALDU AYAM','',NULL),
	('8994146030026','AFDHALUN MIE AYAM BAWANG','',NULL),
	('8994146030040','AFDHALUN MIE KARI AYAM','',NULL),
	('8994148010019','CAP GAJAH 140G KACANG ATOM','',NULL),
	('8994148010040','CAP GAJAH 200G KACANG ATOM SUPER','',NULL),
	('8994150300085','MR B-B 50G BUBUK LADA HITAM','',NULL),
	('8994150300122','MR B-B 50G BUBUK BIJI PALA','',NULL),
	('8994151880319','ORDNER GOBI 8401 HT','',NULL),
	('8994151880357','ORDNER GOBI 8401 MR','',NULL),
	('8994151882313','ORDNER GOBI 8402 HT','',NULL),
	('8994151882320','ORDNER GOBI 8402 F','',NULL),
	('8994151882344','ORDNER GOBI 8402 HIJAU','',NULL),
	('8994151882351','ORDNER GOBI 8402 MR','',NULL),
	('8994151883617','ORDNER GOBI 8403 HT','',NULL),
	('8994151883624','ORDNER GOBI 8403 BR','',NULL),
	('8994151883648','ORDNER GOBI 8403 HIJAU','',NULL),
	('8994163110015','CBS SELAI CHOLET COKLAT 150G','',NULL),
	('8994163110022','CBS SELAI STRAWBERRY 150G','',NULL),
	('8994163110039','CBS SELAI PINEAPPLE 150G','',NULL),
	('8994163110046','CBS SELAI PEANUT BUTTER 150G','',NULL),
	('8994163110053','CBS SELAI CHOLET DUO 150G','',NULL),
	('8994163700018','NOVELLA SELAI CHOCONUT 165G','',NULL),
	('8994163700025','CBS SELAI COKLAT KACANG 150G','',NULL),
	('8994163700032','CBS SELAI SUSU + KACANG 150G','',NULL),
	('8994163700087','NOVELLA SELAI CHOCOBERRY 165G','',NULL),
	('8994163704221','NOVELLA SELAI P.BUTTER CHUNKY 160G','',NULL),
	('8994163704320','NOVELLA SELAI MOCHA 165G','',NULL),
	('8994163709486','SELMA SELAI STRAWBERRY 175G','',NULL),
	('8994163709493','SELMA SELAI PINEAPPLE 175G','',NULL),
	('8994169101017','MADU MURNI CAP TAWON 650ML','',NULL),
	('8994169101024','MADU MURNI CAP TAWON 350ml','',NULL),
	('8994169101093','GARAM DUYUNG 1KG','',NULL),
	('8994169101109','GARAM DUYUNG 500G','',NULL),
	('8994169101116','GARAM DUYUNG 250G','',NULL),
	('8994169101178','GARAM CAP 77 1KG','',NULL),
	('8994169101185','GARAM CAP 77 500G','',NULL),
	('8994169101192','GARAM CAP 77 250G','',NULL),
	('8994170101525','PINDY MINT 125G','',NULL),
	('8994170102003','SUNKIST CANDY 103G ASSORTED','',NULL),
	('8994170102058','SUNKIST CANDY 103G ORANGE','',NULL),
	('8994170103048','DREAMY CHEWY BLACK FOREST 103G','',NULL),
	('8994170200068','SUNKIST CANDY 112G EXTRA C','',NULL),
	('8994170700025','PERMEN CIKS 460G','',NULL),
	('8994170999993','ABC WHITE COFFEE CANDY 50G','items-210505-b80eb4e0e8.png','2021-05-05 17:37:17'),
	('8994170999997','COBA 1','items-210401-0f34314d2d.png','2021-04-01 07:04:00'),
	('8994171101043','KOPI LUWAK 165G BAG','',NULL),
	('8994171101074','KOPI LUWAK WHITE KOFFIE 20GX10\'S CA','',NULL),
	('8994171101081','KOPI LUWAK 25GX10\'S KOPI+GULA','',NULL),
	('8994171101104','KOPI LUWAK WHITE KAFFIE 5\'SX20G BOX','',NULL),
	('8994171101197','KOPI LUWAK 20GX10\'S 3IN1','',NULL),
	('8994171101289','KOPI LUWAK WHITE KOFFIE 10\'S RENCEN','',NULL),
	('8994171101296','KOPI LUWAK WHITE KOFFIE 400G BAG','',NULL),
	('8994171101371','KOPI LUWAK WHITE KOFFIE 200G BAG','',NULL),
	('8994171101678','KOPI LUWAK 20GX10\'S ARABIKA','',NULL),
	('8994171101692','KOPI LUWAK 200G ARABIKA','',NULL),
	('8994171101715','KOPI LUWAK 165G BAG ARABIKA','',NULL),
	('8994171101753','KOPI LUWAK WHITE KOFFIE 340G LS','',NULL),
	('8994171101760','KOPI LUWAK WHITE KOFFIE 20GX10\'S VA','',NULL),
	('8994171101777','KOPI LUWAK WHITE KOFFIE 20GX10\'S MO','',NULL),
	('8994171101784','KOPI LUWAK WHITE KOFFIE 200G BAG 3R','',NULL),
	('8994176601258','FOREVER AIR MINERAL 240ML','',NULL),
	('8994179101069','O HAIPING PLUS 10\'S KAP IN BOX','',NULL),
	('8994179101076','O HAIPING SERBUK 24X3G','',NULL),
	('8994191101368','BALON RAINBOW 6\'S','',NULL),
	('8994191101818','BALON ABC MICKEY 6\'S','',NULL),
	('8994201110113','KOPI SELAMAT PAGI 800G','',NULL),
	('8994201110120','KOPI SELAMAT PAGI 400G','',NULL),
	('8994201110137','KOPI SELAMAT PAGI 180G','',NULL),
	('8994201110151','KOPI SELAMAT PAGI 50G','',NULL),
	('8994201110793','KOPI SELAMAT PAGI 60G','',NULL),
	('8994201120013','MORNING BAKERY ROTI KUPAS PUTIH/PAN','',NULL),
	('8994201120020','MORNING BAKERY ROTI TAWAR BIASA','',NULL),
	('8994201120037','MORNING BAKERY ROTI TAWAR FRESH','',NULL),
	('8994201120051','MORNING BAKERY ROTI CHIPS','',NULL),
	('8994201120075','MORNING BAKERY ROTI KASUR','',NULL),
	('8994201120099','MORNING BAKERY ROTI KEJU','',NULL),
	('8994214992348','CLIP BOARD WORRY CB ARCLIC','',NULL),
	('8994215101015','MULTICLIN 1LT','',NULL),
	('8994215101022','MULTICLIN 500ML','',NULL),
	('8994215101039','MULTICLIN 250ML','',NULL),
	('8994215101046','MULTICLIN 100ML','',NULL),
	('8994222018757','GANGSAR 200G KCG ATOM','',NULL),
	('8994222112110','GANGSAR 225G KCG ATOM','',NULL),
	('8994222112127','GANGSAR 225G KCG TELUR','',NULL),
	('8994222112165','GANGSAR 130G KCG ATOM','',NULL),
	('8994222112202','KANCIL 400G KCG ATOM','',NULL),
	('8994222112219','KANCIL 180G KCG ATOM','',NULL),
	('8994226101011','MANJAKANI PILL 12@6 PILL','',NULL),
	('8994226101028','MANJAKANI SERBUK 7.8GR','',NULL),
	('8994254001031','O HUFALYSIN SYRUP 60ML','',NULL),
	('8994254001147','O HUFALYSIN PLUS DHA 60ML','',NULL),
	('8994254001215','O HUFAGRIPP SYRUP 60ML TMP\'','',NULL),
	('8994254001222','O HUFAGRIPP SYRUP 60ML BP\'','',NULL),
	('8994254001338','O HUFAGRIPP SYRUP 60ML PILEK','',NULL),
	('8994254011115','O HUFAGRIPP SYRUP 60ML','',NULL),
	('8994258233889','CLIP BOARD 2MUKA FANCY HOLO','',NULL),
	('8994259215051','MAP BISNIS F4 FONE BFO 100F','',NULL),
	('8994259215068','MAP BISNIS A4 FONE 100A','',NULL),
	('8994259245034','MAP BISNIS A4 FONE BF-A4 503','',NULL),
	('8994259245041','MAP BISNIS A4 FOLDER ONE','',NULL),
	('8994259881119','MAP BINDER A5 INTER X','',NULL),
	('8994259881126','MAP BINDER B.5 INTER X','',NULL),
	('8994275204763','STARBURST HAND CANDY','',NULL),
	('8994275204923','STARBURST 352G LOLLIPOPS','',NULL),
	('8994275205111','STARBURST LOLLIPOPS 50\'S TOPLES','',NULL),
	('8994275206248','STARBURST LOLLIPOPS 50\'S TOPLES\'','',NULL),
	('8994275206385','STARBURRST 325G FRUIT','',NULL),
	('8994278600159','SANQUA AIR MINERAL 240ML NEW','',NULL),
	('8994278600166','SANQUA AIR MINERAL 240ML','',NULL),
	('8994278600203','SANQUA AIR MINERAL 1.5LT','',NULL),
	('8994282101002','MTR SHP MOTOR 24\'SX15ML','',NULL),
	('8994287316034','SANQUA AIR MINERAL 600ML','',NULL),
	('8994291101022','MIE TELOR KECIL KUDA MENJANGAN 200G','',NULL),
	('8994291101046','MIE TELOR LEBAR KUDA MENJANGAN 200G','',NULL),
	('8994291101053','MIE TELOR KRTG KUDA MENJANGAN 200G','',NULL),
	('8994291500009','MIE TELOR YI JIAN LEBAR','',NULL),
	('8994291500207','MIE TELOR HOFUN 200G','',NULL),
	('8994292070037','PENGHAPUS W/B GD 802','',NULL),
	('8994292070648','P/CASE PLASTIK GD PCC','',NULL),
	('8994292070860','P/CASE PLASTIK GD PCF','',NULL),
	('8994292112843','GUNTING SISTER KS 818','',NULL),
	('8994292241710','GUNTING GUNINDO RT.186','',NULL),
	('8994292301483','SERULING GDS 23 BENING','',NULL),
	('8994292341014','GANTUNGAN KUNCI GD GK.12','',NULL),
	('8994304102039','SALAM COFFEEMIX 20GX30\'S','',NULL),
	('8994304102077','SALAM COFFEEMIX 20GX100\'S','',NULL),
	('8994304102145','SALAM COFFEE GINSENG 20\'SX20G','',NULL),
	('8994304102169','SALAM COFFEE GINSENG 5\'SX20G','',NULL),
	('8994305101017','DUTA WF CREAM 120G CHOCOLATE','',NULL),
	('8994305101024','DUTA WF CREAM 120G MILK COCONUT','',NULL),
	('8994305101031','DUTA WF CREAM 120G TUTTY FRUITY','',NULL),
	('8994305101048','DUTA WF CREAM 120G MILK LYCHEE','',NULL),
	('8994305101260','DUTA WF CREAM 120G MILK VANILA','',NULL),
	('8994311101032','KENKO TIP-EX BOTOL 301','',NULL),
	('8994311101056','KENKO TYPE-X PEN-301','',NULL),
	('8994311101285','TYPE X KENKO 823','',NULL),
	('8994311101582','TIP-EX KENKO KE 826','',NULL),
	('8994311118108','TYPE X KENKO 108','',NULL),
	('8994320301263','KAIN KANEBO SAN KOBE','',NULL),
	('8994324055896','KELLY BEAUTY CREAM 27G','',NULL),
	('8994324300583','KELLY LEMON SOAP 75G','',NULL),
	('8994324300637','KELY LEMON SOAP 25G','',NULL),
	('8994324300675','KELY LEMON SOAP 15G','',NULL),
	('8994324300705','KELLY CREAM 15G','',NULL),
	('8994324300736','KELLY CREAM 5G','',NULL),
	('8994324300767','KELLY LEMON SOAP 75G SOFT SCRUB','',NULL),
	('8994324300804','KELY LEMON SOAP 25G SCRUB','',NULL),
	('8994326101027','PEWARNA RW 30ML KUNING TUA','',NULL),
	('8994326101058','PEWARNA RW 30ML KUNING TELUR','',NULL),
	('8994326101089','PEWARNA RW 30ML KUNING MUDA','',NULL),
	('8994326101119','PEWARNA RW 30ML MERAH TUA','',NULL),
	('8994326101263','PEWARNA RW 30ML HIJAU TUA','',NULL),
	('8994326101508','PEWARNA RW 30ML COKLAT','',NULL),
	('8994326101539','PEWARNA RW 30ML COKLAT TUA','',NULL),
	('8994326103595','PERISA RW 60ML COKLAT','',NULL),
	('8994326103618','PERISA RW 55ML MOCCA','',NULL),
	('8994326103694','PERISA RW 60ML PANDAN','',NULL),
	('8994326103755','PERISA RW 60ML STRAWBERRY','',NULL),
	('8994326103793','PERISA RW 60ML VANILLA','',NULL),
	('8994326103953','PERISA RW 60ML NENAS','',NULL),
	('8994326104929','PERISA RW 60ML KOPI','',NULL),
	('8994342101308','LEM PUTIH ONDA 150G','',NULL),
	('8994349971010','KANTONG ULTAH PLASTIK TALI B','',NULL),
	('8994350110071','BIHUN HONG 450G','',NULL),
	('8994350110088','BIHUN HONG 220G','',NULL),
	('8994350120018','BIHUN HONG 250G PORSI 4\'S','',NULL),
	('8994357010015','MIE TELOR ATOM BULAN 200G','',NULL),
	('8994357010022','SUPER BIHUN KUAH','',NULL),
	('8994357010039','SUPER BIHUN GORENG','',NULL),
	('8994357010046','SUPER BIHUN BASO SAPI','',NULL),
	('8994364110029','GARAM PROGIZI B','',NULL),
	('8994364110036','GARAM PROGIZI K','',NULL),
	('8994374101017','LOTUS SARDENES 155G TOMAT','',NULL),
	('8994374101024','LOTUS SARDENES 425G TOMAT','',NULL),
	('8994374101055','LOTUS 185G TUNA IN DRESSING','',NULL),
	('8994374101062','LOTUS 185G TUNA IN OIL','',NULL),
	('8994374101079','LOTUS 185G TUNA IN WATER (BRINE)','',NULL),
	('8994374101116','DR FISH SARDINES 155G','',NULL),
	('8994374101314','TERATAI SARDINES 155G TOMAT','',NULL),
	('8994374101321','TERATAI SARDINES 425G TOMAT','',NULL),
	('8994374777779','LOTUS 185G TUNA KARE','',NULL),
	('8994388113242','O STIMUNO 60ML ANGGUR','',NULL),
	('8994388113259','O STIMUNO 100ML ANGGUR','',NULL),
	('8994388130140','O STIMUNO 60ML','',NULL),
	('8994388130157','O STIMUNO SYRUP 100ML','',NULL),
	('8994388605662','O VITAFEM 4\'S','',NULL),
	('8994389011011','FISKAR 250G','',NULL),
	('8994389011028','FISKAR 500G','',NULL),
	('8994389110165','GARAM OCTOPUSS 200G','',NULL),
	('8994389110172','GARAM OCTOPUSS 500G','',NULL),
	('8994389110271','GARAM OCTOPUSS 200G\'','',NULL),
	('8994391010378','WASUKA STICK PASTA BOX 20\'S','',NULL),
	('8994391010392','KENJIRO 20\'S STICK JAGUNG COK','',NULL),
	('8994391010415','WASUKA STICK STRAWBERY','',NULL),
	('8994391010439','WASUKA  CIGARKU 12G','',NULL),
	('8994391010453','DOMOO STICK COKLAT JAGUNG 15GX20\'S','',NULL),
	('8994391010484','NITCHI WAFER STICK BLACK JUMBO 750G','',NULL),
	('8994391010552','WASUKA WAFER STICK 30\'S','',NULL),
	('8994391010569','WASUKA 36\'S CIGARKU CHOCOLATE','',NULL),
	('8994391010668','DOMOO STICK JAGUNG 12G','',NULL),
	('8994391010675','DOMOO STICK JAGUNG 12G X 20\'S','',NULL),
	('8994391010743','NITCHI CHOCO ROLL 330G','',NULL),
	('8994391010880','NITCHI COKLAT RICE WHITE 30\'S','',NULL),
	('8994391011146','DOMOO STICK JAGUNG 12G BALADO','',NULL),
	('8994391011986','WASUKA CHOKU CHOCOLATE 24\'S','',NULL),
	('8994392061966','SHINYOKU TOASTER SYK-320','',NULL),
	('8994392062536','SHINYOKU TOASTER SYK-350','',NULL),
	('8994392110091','SHINYOKU ECOLAMP 10W','',NULL),
	('8994392110114','SHINYOKU JUMBO 40W','',NULL),
	('8994392110145','SHINYOKU SDE 11W','',NULL),
	('8994392110152','SHINYOKU SDE 13W','',NULL),
	('8994392110169','SHINYOKU SDE 15W','',NULL),
	('8994392110930','SHINYOKU SDE 7W','',NULL),
	('8994392112064','SHINYOKU SDE 9W','',NULL),
	('8994392112132','SHINYOKU JUMBO 30W','',NULL),
	('8994392112293','SHINYOKU F4.15W','',NULL),
	('8994392112446','SHINYOKU MINI BALL 11W','',NULL),
	('8994392112477','SHINYOKU ECOLAMP 12W','',NULL),
	('8994392112484','SHINYOKU ECOLAMP 8W','',NULL),
	('8994392112583','SHINYOKU ECOLAMP 14W','',NULL),
	('8994392112590','SHINYOKU ECOLAMP 16W','',NULL),
	('8994392112606','SHINYOKU ECOLAMP 18W','',NULL),
	('8994392112613','SHINYOKU ECOLAMP 20W','',NULL),
	('8994392112620','SHINYOKU SPIRAL BALL 7W','',NULL),
	('8994392112651','SHINYOKU MINI-U 12W','',NULL),
	('8994392112804','SHINYOKU ECOLAMP 15W','',NULL),
	('8994392113610','SHINYOKU KEONG 40W','',NULL),
	('8994392114532','SHINYOKU SDE 5W','',NULL),
	('8994392115867','SHINYOKU ECOLAMP 23W','',NULL),
	('8994392116031','SHINYOKU SDE 18W','',NULL),
	('8994392116048','SHINYOKU SDE 20W','',NULL),
	('8994392116079','SHINYOKU F4.15W\'','',NULL),
	('8994392116086','SHINYOKU F4.20W.','',NULL),
	('8994392116093','SHINYOKU F4.26W','',NULL),
	('8994392116291','SHINYOKU MINI-U 8W','',NULL),
	('8994392116383','SHINYOKU KEONG 7W','',NULL),
	('8994392116390','SHINYOKU KEONG 9W','',NULL),
	('8994392116406','SHINYOKU KEONG 15W','',NULL),
	('8994392116420','SHINYOKU KEONG 23W','',NULL),
	('8994392116437','SHINYOKU KEONG 30W','',NULL),
	('8994392116444','SHINYOKU KEONG 11W','',NULL),
	('8994392116451','SHINYOKU KEONG 20W','',NULL),
	('8994392116468','SHINYOKU KEONG 26W','',NULL),
	('8994392116666','SHINYOKU ECOLAMP 26W','',NULL),
	('8994392116819','SHINYOKU MINI PER 8W / 3S','',NULL),
	('8994392116833','SHINYOKU PER 23W','',NULL),
	('8994392121813','SHINYOKU PER 25W','',NULL),
	('8994392123190','SHINYOKU PER 45W','',NULL),
	('8994392123237','SHINYOKU AURA 20W','',NULL),
	('8994392130563','SHINYOKU LED PIJAR 7W','',NULL),
	('8994392130853','SHINYOKU LED PIJAR 5W','',NULL),
	('8994392130877','SHINYOKU LED PIJAR 6W','',NULL),
	('8994392133243','SHINYOKU LED PIJAR 9W','',NULL),
	('8994392133250','SHINYOKU LED PIJAR 12W','',NULL),
	('8994392190932','SHINYOKU KABEL SETRIKA SYK-328','',NULL),
	('8994392340184','SHINYOKU SETRIKA SYK-318','',NULL),
	('8994392341099','SHINYOKU SETRIKA SYK-338','',NULL),
	('8994392341105','SHINYOKU SETRIKA SYK-358','',NULL),
	('8994392561022','SHINYOKU RAKET NYAMUK 008','',NULL),
	('8994397000021','LEM FOX 150GR','',NULL),
	('8994397000038','LEM FOX STICK','',NULL),
	('8994397000045','LEM FOX ODOL 20','',NULL),
	('8994397000052','LEM FOX KALENG 70G','',NULL),
	('8994397000069','LEM TIKUS 75G','',NULL),
	('8994397000137','LEM FOX 500GR','',NULL),
	('8994401110111','TWIST SOAP 85G BLUE IN WHITE','',NULL),
	('8994401110128','TWIST SOAP 85G KUNING','',NULL),
	('8994401110135','TWIST SOAP 85G RED','',NULL),
	('8994401410204','MADINA SARDINES 155G TOMATO','',NULL),
	('8994401410211','MADINA SARDINES 425G TOMAT','',NULL),
	('8994401410228','MADINA SARDINES 155G CHILI','',NULL),
	('8994401410235','MADINA SARDINES 425G CABE','',NULL),
	('8994401410259','MADINA CHILI SAUCE 135ML','',NULL),
	('8994402101019','O PACEKAP KAPSUL 50\'S','',NULL),
	('8994402101064','PACE TEA LEMON 5\'Sx7G','',NULL),
	('8994402101071','PACE TEA LEMON 30\'Sx7G','',NULL),
	('8994402101163','PACE TEA JASMINE GREEN 5\'Sx7G','',NULL),
	('8994402101170','PACE TEA JASMINE GREEN 30\'Sx7G','',NULL),
	('8994402101620','TEPUNG HUN KWE CEMARA','',NULL),
	('8994402101637','TEPUNG HUN KWE CEMARA\'','',NULL),
	('8994402101699','DIRECTTEST BOX 1\'S','',NULL),
	('8994402101859','MATADOR 200ML BULL ENERGY','',NULL),
	('8994405101016','CBA ROSE CREAM LEMON 230G','',NULL),
	('8994405101023','CBA ROSE CREAM CHOCO 230G','',NULL),
	('8994405101061','CBA COCOA PUFF 260G','',NULL),
	('8994405101108','CBA MINI SEE HONG PUFF 200G','',NULL),
	('8994405101115','CBA BISKUIT 300G SUGAR PUFF','',NULL),
	('8994405101153','CBA MARIE 65G SUSU KELAPA','',NULL),
	('8994405101160','CBA MARIE 65G SUSU DURIAN','',NULL),
	('8994405101566','HOLLAND W. MARIE SUSU','',NULL),
	('8994405101573','HOLLAND W. BISK KACANG','',NULL),
	('8994405101603','CBA CREAM KACANG 150G','',NULL),
	('8994405101610','CBA KACANG MEDE 150G','',NULL),
	('8994405101658','HOLLAND W. BISK HITAM PUTIH 150','',NULL),
	('8994405101702','CBA MARIE 200G SUSU NONA','',NULL),
	('8994405101719','HOLLAND W. BISK ROSE CREAM','',NULL),
	('8994405101726','HOLLAND W. BISK ROSE COKLAT','',NULL),
	('8994405101733','HOLLAND W. COCOA PUFF 260G','',NULL),
	('8994405101818','CBA MARIE 200G SUSU COKLAT','',NULL),
	('8994405101825','CBA MARIE MARGARINE 220G','',NULL),
	('8994405101870','CBA MARIE 65G SUSU','',NULL),
	('8994405101917','CBA MARIE 200G SUSU ORANGE','',NULL),
	('8994405101924','HOLLAND W. MARIE SUSU ORANGE 200G','',NULL),
	('8994405102129','HOLLAND W. MARIE SUSU MINI 24G','',NULL),
	('8994405102136','HOLLAND W. HITAM PUTIH 20\'S','',NULL),
	('8994405102150','HOLLAND W. HITAM PUTIH 18G','',NULL),
	('8994405102396','CBA BISKUIT 230G ROSE CREAM CHOC','',NULL),
	('8994405102402','CBA MARIE 180G SPECIAL','',NULL),
	('8994405102532','CBA BISKUIT 230G ROSE CREAM','',NULL),
	('8994405102563','CBA BISKUIT 100G ROSE CREAM','',NULL),
	('8994405102778','HOLLAND W. HITAM PUTIH 135G','',NULL),
	('8994405102815','HOLLAND W. BISCOW PISANG 135G','',NULL),
	('8994405102822','HOLLAND W. BISCOW CREAM KACANG 135G','',NULL),
	('8994405102839','HOLLAND W. BISCOW CREAM KEJU 135G','',NULL),
	('8994420100018','ASAHI SARDINES 155G TMT&CABE','',NULL),
	('8994420100087','INGA SARDIN 155G TOMAT&CILI','',NULL),
	('8994420100094','ASAHI SARDINES 425G TMT&CABE','',NULL),
	('8994420100841','INDOMILI SARDENES 155G TOMAT','',NULL),
	('8994420100858','INDOMILI SARDENES 425G TOMAT','',NULL),
	('8994430938328','BARBIE LOLLIPOP 24X10G','',NULL),
	('8994456000054','TEH CAP ZAPPELIN 400G','',NULL),
	('8994456000092','TEH CAP ZAPPELIN 63G','',NULL),
	('8994460001795','TAWON SYRUP FRAMBOZEN 620ml','',NULL),
	('8994460001825','TAWON SYRUP COCOPNDN 620ml','',NULL),
	('8994460001856','TAWON SYRP PANDAN 620ml','',NULL),
	('8994460001887','TAWON SYRUP ROSE 620ml','',NULL),
	('8994468003333','MINDY AIR MINERAL 240ML','',NULL),
	('8994468006662','MINDY AIR MINERAL 600ML','',NULL),
	('8994468008888','MINDY AIR MINERAL 1','',NULL),
	('8994472000014','CAP KAPAK MINY.ANGIN NO.6 3ML IND','',NULL),
	('8994472000021','CAP KAPAK MINY.ANGIN NO.5 5ML IND','',NULL),
	('8994472000038','CAP KAPAK MINY.ANGIN NO.4 10ML IND','',NULL),
	('8994472000045','CAP KAPAK MINY.ANGIN NO.3 14ML IND','',NULL),
	('8994472000052','CAP KAPAK MINY.ANGIN NO.2 28ML IND','',NULL),
	('8994472000069','CAP KAPAK MINY.ANGIN NO.1 56ML IND','',NULL),
	('8994472000335','CAP KAPAK OBAT KURAP 15ML','',NULL),
	('8999908000101','NEO RHEUMACYL 20 TABLET','',NULL),
	('8999908000200','BODREX TAB LAPIS DUA 20 TABLET','',NULL),
	('8999908000705','BODREXIN 20 TABLET','',NULL),
	('8999908000903','FLUCYL 4TAB','',NULL),
	('8999908001108','FLUCYL SIRUP 60 ML','',NULL),
	('8999908001207','OBB OBAT BATUK 60ML','',NULL),
	('8999908001603','VIDORAN SYRUP RS JERUK 225ML','',NULL),
	('8999908001801','VIDORAN SIRUP RASA JERUK 120','',NULL),
	('8999908002006','PRITHO JUNIOR SOFT','',NULL),
	('8999908005007','VITAMIN B1 IPI 50TAB','',NULL),
	('8999908005106','VITAMIN B IPI 50TAB','',NULL),
	('8999908005205','VITAMIN C IPI 50TAB','',NULL),
	('8999908005304','VITAMIN B12 IPI 50TAB','',NULL),
	('8999908005502','VITAMIN A IPI 50TAB','',NULL),
	('8999908006301','F & N SODA WATER 330 ML','',NULL),
	('8999908006400','F & N COFFEE CREAM 330ML','',NULL),
	('8999908006509','F & N ORANGE 330 ML','',NULL),
	('8999908006608','F & N STRAWB 330 ML','',NULL),
	('8999908006707','F & N SARSI 330 ML','',NULL),
	('8999908006806','F & N KRIM SODA 330ML','',NULL),
	('8999908006905','F & N TONIC WATER 330ML','',NULL),
	('8999908007803','PRITHO JUN.FRUIT APEL','',NULL),
	('8999908007902','PRITHO JUNIOR SOFT STRAWB','',NULL),
	('8999908008008','PRITHO JUNIOR SOFT ORANGE','',NULL),
	('8999908008107','PRITHO SPESIAL','',NULL),
	('8999908008305','PRITHO DOUBLE ACTION','',NULL),
	('8999908008503','PRITHO SUPER SOFT TO MEDIUM','',NULL),
	('8999908008909','PRITHO FANTASTIC SOFT TO MEDIU','',NULL),
	('8999908009203','CLAUDIA BEAUTY HIJAU 80G','',NULL),
	('8999908009302','CLAUDIA BEAUTY WHITE 80G','',NULL),
	('8999908009401','CLAUDIA BEAUTY PINK 80G','',NULL),
	('8999908009807','MARINA MILK CLEANS 100M','',NULL),
	('8999908009906','MARINA FACE TONIC 100M','',NULL),
	('8999908010001','MARINA ASTRINGENT 100M','',NULL),
	('8999908010100','MARINA H&B LOT PINK 100M','',NULL),
	('8999908010209','MARINA H&B LOTION CREAM 100M','',NULL),
	('8999908010308','MARINA H&B LOTION ALOE V 100M','',NULL),
	('8999908010407','MARINA H&B LOTION PINK 200M','',NULL),
	('8999908010506','MARINA H&B LOTION CREAM 200M','',NULL),
	('8999908010605','MARINA H&B UV WHITE 100M','',NULL),
	('8999908010704','MARINA H&B UV WHITE 200M MULBE','',NULL),
	('8999908028204','REVLON H&B WHITE 350M','',NULL),
	('8999908029607','NATURAL HONEY HBL DRY 100ML','',NULL),
	('8999908029706','NATURAL HONEY HBL EXTRA 100ML','',NULL),
	('8999908030108','NATURAL HONEY HBL DRY 200ML','',NULL),
	('8999908030207','NATURAL HONEY HBL EXTRA 200ML','',NULL),
	('8999908030306','REVLON H&B ALOE VERA 200M','',NULL),
	('8999908030603','REVLON H&B NORM DRY SKIN 350M','',NULL),
	('8999908030702','REVLON H&B EXTR DRY SKIN 350M','',NULL),
	('8999908030801','NATURAL HONEY HBL WHITE 100ML','',NULL),
	('8999908030900','NATURAL HONEY HBL WHITE 200ML','',NULL),
	('8999908031303','CHARLIE DEO STICK ORIGIN 40G','',NULL),
	('8999908032003','REVLON ZP11 MENTHOL SHP AK 100','',NULL),
	('8999908032102','REVLON ZP11 MENTHOL SHP AK 200','',NULL),
	('8999908034106','VIDORAN SMART 30TAB','',NULL),
	('8999908034205','HEMAVITON ENERGI DRINK 150 ML','',NULL),
	('8999908034601','TOTALCARE JUNIOR ORANGE 50G','',NULL),
	('8999908034700','TOTALCARE JUNIOR STRAWB 50G','',NULL),
	('8999908034908','TOTAL CARE COOL MINT 100ML','',NULL),
	('8999908037909','PRITHO OPTIMA','',NULL),
	('8999908039002','CONTREX OBAT FLU 4 TABLET','',NULL),
	('8999908039101','CONTREXYN R JERUK 4TAB','',NULL),
	('8999908039309','OSKADON O S KEPALA 4TAB','',NULL),
	('8999908040305','MARINA FACE POWD IVORY 25GR','',NULL),
	('8999908040404','MARINA FACE POWD OLIVE 25GR','',NULL),
	('8999908040503','MARINA FACE POWD BEIGE 25GR','',NULL),
	('8999908040602','MARINA FACE POWD NATURAL 25GR','',NULL),
	('8999908040701','MARINA FACE POWD IVORY 40GR','',NULL),
	('8999908040800','MARINA FACE POWD OLIVE 40GR','',NULL),
	('8999908040909','MARINA FACE POWD BEIGE 40GR','',NULL),
	('8999908041005','MARINA FACE POWD NATURAL 40GR','',NULL),
	('8999908041104','MARINA COMP POWD IVORY 12GR','',NULL),
	('8999908041203','MARINA COMP POWD OLIVE 12GR','',NULL),
	('8999908041302','MARINA COMPACT POWDER 03 BEIGE','',NULL),
	('8999908041401','MARINA COMP POWD NATURAL 12GR','',NULL),
	('8999908042002','VIDORAN VISION RS JERUK 30TAB','',NULL),
	('8999908042408','MY BABY POWDER 50 GR','',NULL),
	('8999908042507','MY BABY POWDER 150G','',NULL),
	('8999908042606','MY BABY POWDER 250G','',NULL),
	('8999908042705','MY BABY POWDER 350G','',NULL),
	('8999908042804','MY BABY POWDER BIANG K 150G','',NULL),
	('8999908043009','MY BABY SOAP 80G','',NULL),
	('8999908043108','MY BABY SOAP 100G','',NULL),
	('8999908043207','MY BABY SHAMPO 50ML','',NULL),
	('8999908043306','MY BABY BB SHAMPOO 100M','',NULL),
	('8999908043504','MY BABY BB OIL 100M','',NULL),
	('8999908043702','MY BABY BB LOTION 100M','',NULL),
	('8999908043801','OSKADON SP 4 TABLET','',NULL),
	('8999908044006','MY BABY MINYAK TELON 60 ML','',NULL),
	('8999908044105','MARINA SPL COL ROMANTIC 50M','',NULL),
	('8999908044204','MARINA SPL COL JAZZ 50ML','',NULL),
	('8999908044303','MARINA SPL COL HIP HOP POP 50M','',NULL),
	('8999908044402','MARINA SPL COL ROMANTIC 100M','',NULL),
	('8999908044501','MARINA SPL COL JAZZY JAZZ 100M','',NULL),
	('8999908044600','MARINA SPL COL HIP HOP POP 100','',NULL),
	('8999908044709','MARINA TALC ROMANTIC 50GR','',NULL),
	('8999908044808','MARINA TALC EXOTIC 50GR','',NULL),
	('8999908044907','MARINA TALK INNOCENT 50GR','',NULL),
	('8999908045409','MARINA UV WHITE MOIST 50ML','',NULL),
	('8999908045607','MARINA H&B FRESH HONEY 100M','',NULL),
	('8999908045706','MARINA H&B FRESH HONEY 200M','',NULL),
	('8999908045805','HEMAVITON JRENG BOX 10X4 GR','',NULL),
	('8999908045812','HEMAVITON JRENG 4G','',NULL),
	('8999908045904','MY BABY PAKET TAS','',NULL),
	('8999908046000','TOTALCARE ANTBACTREIAL GEL 60G','',NULL),
	('8999908046109','TOTALCARE BACTERIAL GEL 95GR','',NULL),
	('8999908046604','REVLON FLEX SHAM NOURISH 100M','',NULL),
	('8999908046703','REVLON FLEX SHAM PURIFY 100M','',NULL),
	('8999908046802','REVLON FLEX SHAM VOLUMIS 100M','',NULL),
	('8999908046901','REVLON FLEX SHAM REVITAL 100M','',NULL),
	('8999908047106','REVLON FLEX SHP NOURIS 350 ML','',NULL),
	('8999908047205','REVLON FLEX SHP PURIFYI 350 ML','',NULL),
	('8999908047304','REVLON FLEX SHP VOLUMI 350 ML','',NULL),
	('8999908047403','REVLON FLEX SHP REVITAL 350 ML','',NULL),
	('8999908047601','REVLON FLEX COND NOURIS 100','',NULL),
	('8999908047809','REVLON FLEX SHAM VOLUMIZ 100M','',NULL),
	('8999908047908','REVLON FLEX COND REVITAL 100','',NULL),
	('8999908048103','REVLON FLEX SHAM NOURISH 200M','',NULL),
	('8999908049001','CHARLIE ROLL ON DEO BLUE 50M','',NULL),
	('8999908049100','CHARLIE DEO ROLL ON RED 50M','',NULL),
	('8999908049209','CHARLIE ROLL ON DEO WHITE 50M','',NULL),
	('8999908049308','CHARLIE ROLL ON DEO GOLD 50M','',NULL),
	('8999908050205','MARINA SOAP CHARMING 75G','',NULL),
	('8999908050304','MARINA SOAP ENERGIC 75G','',NULL),
	('8999908050403','MARINA SOAP CHIC 75G','',NULL),
	('8999908050601','NEO RHEUMACYL CREAM 30GR','',NULL),
	('8999908050908','PRITHO DIAMOND SOFT TO MEDIUM','',NULL),
	('8999908051608','F & N BUAH-BUAHAN 330 ML','',NULL),
	('8999908051707','F & N ZAPPEL 330 ML','',NULL),
	('8999908051806','F & N ANGGUR 330 ML','',NULL),
	('8999908052001','MARINA HAND BODY FRUITY 100 ML','',NULL),
	('8999908052100','MARINA HAND BODY FLORAL 100 ML','',NULL),
	('8999908052209','MARINA COLOGNE GEL LOVELY 50M','',NULL),
	('8999908052306','MARINA COLOGNE GEL CARING 50M','',NULL),
	('8999908052308','MARINA COLOGNE GEL LOVELY 50M','',NULL),
	('8999908052407','MARINA COLOGNE GEL HAPPY 50ML','',NULL),
	('8999908052506','MARINA COLOGNE GEL LOVELY 100M','',NULL),
	('8999908052605','MARINA COLOGNE GEL CARING 100M','',NULL),
	('8999908052704','MARINA COLOGNE GEL HAPPY 100M','',NULL),
	('8999908052803','MARINA SWEET COMP WHITE 14 GR','',NULL),
	('8999908052902','MARINA SWEET COMP POWD IVO 14G','',NULL),
	('8999908053008','MARINA SWEET COMP PEACH 14 GR','',NULL),
	('8999908053206','PRITHO DIAMOND HELM','',NULL),
	('8999908053305','PRITHO PANTASTIC HELM','',NULL),
	('8999908053404','PRITHO DIAMOND FAMILI PACK','',NULL),
	('8999908053800','MY BABY POWDER SWEET FL 50G','',NULL),
	('8999908053909','MY BABY SWEET FLORAL 150G','',NULL),
	('8999908054005','MY BABY POWDER SWEET F 250G','',NULL),
	('8999908054104','MY BABY POWDER SWEET F 350G','',NULL),
	('8999908054203','MY BABY SOAP SWEET FLORAL 80G','',NULL),
	('8999908054302','MY BABY SOAP SWEET FLORAL 100G','',NULL),
	('8999908056207','HEMAVITON CAP 5 S','',NULL),
	('8999908056603','DIACYL TABLET 4 TABLET','',NULL),
	('8999908057105','NEO HORMOVITON 5KAP','',NULL),
	('8999908057303','VIDORAN PLUS 120 ML','',NULL),
	('8999908057709','BODREX FLU & BATUK 4 KAPLET','',NULL),
	('8999908057907','NEO HORMOVITON GRENG 10X4,2GR','',NULL),
	('8999908058003','HORMOVITON GRENG SACHET','',NULL),
	('8999908058102','BODREXIN SRP JR MANIS 56ML','',NULL),
	('8999908058201','MY BABY KIT CLASSIC PAKET BSR','',NULL),
	('8999908058607','CLAUDIA BEAUTY + LEMON 80GR','',NULL),
	('8999908058706','CLAUDIA BEAUTY + APPLE 80GR','',NULL),
	('8999908058805','CLAUDIA BEAUTY + PEACH 80GR','',NULL),
	('8999908058904','MARINA SOAP FUNKY BERRY 80 GR','',NULL),
	('8999908059000','MARINA SOAP JAZZY ORENZ 80 GR','',NULL),
	('8999908059109','HEMAVITON HEALTH DRINK 150ML','',NULL),
	('8999908059208','HEMAVITON ECHINACEA PLUS','',NULL),
	('8999908059307','HEMAVITON ECHINACEA + 4GR','',NULL),
	('8999908059314','HEMAVITON ECHINACEA PLUS 10SCT','',NULL),
	('8999908059406','TOTALCARE JUNIOR CHOCO CHIP 50','',NULL),
	('8999908059604','MY BABY SOAP F FRUITY 80GR','',NULL),
	('8999908059703','MY BABY SOAP FRESH FRUITY 100G','',NULL),
	('8999908059802','MY BABY POWDER F FRUITY 50GR','',NULL),
	('8999908059901','MY BABY POWD F FRUITY 150G','',NULL),
	('8999908060006','MY BABY POWDER F FRUITY 250G','',NULL),
	('8999908060105','MY BABY POWDER F FRUITY 350G','',NULL),
	('8999908060204','MY BABY SKIN PROTECTIVE LOT 50','',NULL),
	('8999908060402','MY BABY COLOGNE 100ML','',NULL),
	('8999908060501','MY BABY COLOGNE GEL PINK 100ML','',NULL),
	('8999908060600','MARINA HBL NAT CHAMOMILE 100ML','',NULL),
	('8999908060709','MARINA HBL NAT GINGSENG 100ML','',NULL),
	('8999908060808','MARINA HBL NAT GREEN TEA 100ML','',NULL),
	('8999908060907','MARINA HBL NAT CHAMOMILE 200ML','',NULL),
	('8999908061003','MARINA HBL NAT GINSENG 200ML','',NULL),
	('8999908061102','MARINA HBL NAT HONEY 200ML','',NULL),
	('8999908062000','VIDORAN SRP RS JERUK 120ML','',NULL),
	('8999908070906','CLAUDIA SOAP PINK 4+KOTAK SBN','',NULL),
	('8999908071309','CLAUDIA SOAP BIRU 4+KOTAK SBN','',NULL),
	('8999908071903','BODREX MIGRA 4KAPLET','',NULL),
	('8999908072207','BODREXIN EFFERVECENT 2GR','',NULL),
	('8999908072405','PRITHO D ACTION PLUS','',NULL),
	('8999908072504','PRITHO SPECIAL EXPRESS HELM','',NULL),
	('8999908072603','PRITHO D ACTION HELM','',NULL),
	('8999908079602','SOS PEMBERSIH LANTAI APL 1600M','',NULL),
	('8999908079701','SOS PEMBERSIH LANTAI LMN 1600M','',NULL),
	('8999908079800','SOS LANTAI ORANGE 1600 REFIL','',NULL),
	('8999908081605','POWERFIT COKLAT 250 G','',NULL),
	('8999908082602','MY BABY POWDER PRICKLY HEAT 50','',NULL),
	('8999908082701','MARINA UV WHITE 100ML','',NULL),
	('8999908082800','MARINA HBL UV WHITE 200ML MILK','',NULL),
	('8999908084309','MARINA SPLASH COLOG DANCIN 100','',NULL),
	('8999908192509','BODREX FLU&BATUK 10 S','',NULL),
	('8999908203502','PRITHO DOUBLE ACTION HEMAT','',NULL),
	('8999908204202','MY BABY MY TELON PLUS 60ML','',NULL),
	('8999908204400','MY BABY COLOGNE FF 100 ML','',NULL),
	('8999908204806','MY BABY SHAMPOO 200 ML','',NULL),
	('8999908205308','MARINA SPLAS COLOG DANCIN 50ML','',NULL),
	('8999908205506','HEMAVITON STAMINA PLUS 5S','',NULL),
	('8999908205704','TOTAL CARE COOL MINT 250ML','',NULL),
	('8999908206800','HEMAVITON JRENG COLA 10X4GR','',NULL),
	('8999908207005','HEMAVITON JRENG LEMON 10X4GR','',NULL),
	('8999908207104','HEMAVITON JRENG LEMON 4GR','',NULL),
	('8999908207500','MY BABY FABRIC SOFT BLUE 900ML','',NULL),
	('8999908207609','MY BABY FABRIC SOFT BLUE 1800M','',NULL),
	('8999908207807','MY BABY FABRIC SOFT PINK 900ML','',NULL),
	('8999908207906','MY BABY FABRIC SOFT PINK 1800M','',NULL),
	('8999908208101','MY BABY POWDER CHAMOMILE 100G','',NULL),
	('8999908208200','MY BABY POWDER FLORAL 100GR','',NULL),
	('8999908208309','MY BABY POWDER FRESH FRUIT 100','',NULL),
	('8999908208408','MY BABY MILK SOAP 100+SHP 50','',NULL),
	('8999908208705','MY BABY MILK SOAP100+SHP50 PIN','',NULL),
	('8999908209702','BODREXIN FLU&BATUK 56ML SYRUP','',NULL),
	('8999908210005','HEMAVITON ACTION 5 S','',NULL),
	('8999908210500','MARINA WHITE TWC FP 01','',NULL),
	('8999908210609','VIDORAN PLUS RASA JERUK 225ML','',NULL),
	('8999908212207','MARINA WHITE TWC FN 02','',NULL),
	('8999908212306','MARINA WHITE FAC FOAM 40ML','',NULL),
	('8999908212405','VIDORAN SMART PLUS 120 ML','',NULL),
	('8999908214409','MARINA COLOGNE SPRY PINK 100','',NULL),
	('8999908214607','MARINA COLOGNE SPRY UNGU 100','',NULL),
	('8999908214706','MARINA HAND BODY AVOCADO 100M','',NULL),
	('8999908214805','MARINA NATURAL HBL AVOCAD 200M','',NULL),
	('8999908217400','HEMAVITON JRENG MANGGA 4GR','',NULL),
	('8999908218803','HEMAVITON ENERGY DRINK 330ML','',NULL),
	('8999908218902','HEMAVITON E DRINK COLA 330ML','',NULL),
	('8999908243201','MY BABY SHAMPO REFIL 200ML','',NULL),
	('8999908243300','MY BABY MILK SOAP 100 ML','',NULL),
	('8999908243409','MY BABY MILK SOAP SF 100 ML','',NULL),
	('8999908243508','MY BABY SKIN PROTECTIVE LOT100','',NULL),
	('8999908243607','MY BABY VAPOR RUB 50','',NULL),
	('8999908244000','VITON ISOTONIC DRINK GUAVA 330','',NULL),
	('8999908244109','VITON ISOTONIC DRINK LEMON 330','',NULL),
	('8999908244208','MARINA WHITE BODY WASH 100ML','',NULL),
	('8999908244307','MARINA NTR HONEY BERRY BW 100','',NULL),
	('8999908250803','BODREX FLU & BATUK BERDAHAK 60','',NULL),
	('8999908251008','MARINA HBL TOTAL CARE 100','',NULL),
	('8999908251107','MARINA HBL TOTAL CARE 200','',NULL),
	('8999908251206','SOS WASH PENC PIRING LIME 800M','',NULL),
	('8999908251305','SOS WASH PENC PIRING LMN 800ML','',NULL),
	('8999908255808','TOTAL CARE LEMON ICE 100ML','',NULL),
	('8999908255907','TOTAL CARE LEMON ICE 250ML','',NULL),
	('8999908258700','VIDORAN EMILSION JERUK 200GR','',NULL),
	('8999908260208','NEO HORMOVITON 150','',NULL),
	('8999908260710','HEMAVITON C1000 5SCTX4GR','',NULL),
	('8999908260802','HEMAVITON C1000 150ML','',NULL),
	('8999908264107','SOS KARBOL EXTRA STRONG 800ML','',NULL),
	('8999908264206','SOS KARBOL CLASSIC PINE 1800ML','',NULL),
	('8999908264503','SOS KARBOL LEMON 800ML','',NULL),
	('8999908264602','SOS KARBOL LEMON PINE 1800ML','',NULL),
	('8999908265203','MY BABY HAIR LOTION FF 100 ML','',NULL),
	('8999908266002','MARINA UV WHITE MULBERRY 500ML','',NULL),
	('8999908266101','MARINA UV WHITE MILK 500ML','',NULL),
	('8999908266804','CLAUDIA SHOWER LOT SILKY 200ML','',NULL),
	('8999908266903','CLAUDIA SHOWER LOT SUNCARE 200','',NULL),
	('8999908267009','CLAUDIA SHOWER LOT CREAMY 200M','',NULL),
	('8999908267900','SOS WASH PENC PIRING LEMON 400','',NULL),
	('8999908268006','SOS ABT CUCI PIRING LIME 400 M','',NULL),
	('8999908270702','HEMAVITON JRENG ANGGUR 4GR','',NULL),
	('8999908270801','HEMAVITON JRENG ANGGUR 6 SCT','',NULL),
	('8999908271006','HEMAVITON JRENG LEMON 6 SCT','',NULL),
	('8999908271204','HEMAVITON JRENG MANGGA 6 SCT','',NULL),
	('8999908271907','MARINA COLOGNE SPRY BIRU 100','',NULL),
	('8999908273000','MARINA NATURAL APPLE 350ML','',NULL),
	('8999908273109','MARINA NATURAL GINSENG 350ML','',NULL),
	('8999908273208','MARINA NATURAL SOFTENING 350ML','',NULL),
	('8999908273307','MARINA NATURAL AVOCADO 350ML','',NULL),
	('8999908284907','MY BABY MINYAK TELON PLUS 90','',NULL),
	('8999908285003','BODREX EXTRA 25','',NULL),
	('8999908285201','NOLANTA OBAT KEMBUNG','',NULL),
	('8999908285904','HEMAVITON ENERGY ANGGUR 150ML','',NULL),
	('8999908286109','HEMAFITON ENERGY RASA ANGGUR','',NULL),
	('8999908286307','SOS HAND SOAP STRW 300 R','',NULL),
	('8999908286406','SOS HAND SOAP MELON 300R','',NULL),
	('8999908286505','SOS HAND SOAP STWB 300 ML','',NULL),
	('8999908286604','SOS HANDSOAP MELON BTL 300 ML','',NULL),
	('8999908296108','HEMAVITON SKIN NUTRIENT 5 KAP','',NULL),
	('8999908300607','HEMAVITO COFFEE CREAM 330 ML','',NULL),
	('8999908302502','TOTAL CARE 250 ML ACTIONS','',NULL),
	('8999908318206','MY BABY POWDER FF 500 G','',NULL),
	('8999909001909','DJI SAM SOE MAGNUM FILTER 12','',NULL),
	('8999909002296','DJI SAM SOE MASTERPIECE 12','',NULL),
	('8999909002647','DJI SAM SOE MASTERPIECE 12','',NULL),
	('8999909002791','MARBOROL FILTER MILENIUM','',NULL),
	('8999909003286','MARBOROLIGHT MILENIUM','',NULL),
	('8999909003880','DJI SAM SOE GOLD 12','',NULL),
	('8999909009325','SAMPOERNA EXCLUSIVE','',NULL),
	('8999909010567','DJI SAM SOE 16','',NULL),
	('8999909012097','DJI SAMSOE 10','',NULL),
	('8999909028234','DJI SAM SOE 12','',NULL),
	('8999909028999','DJI SAM SOE SUPER PERMIUM RFL','',NULL),
	('8999909034570','DJI SAM SOE 16 TUBE','',NULL),
	('8999909039124','PANAMAS 1 12','',NULL),
	('8999909039988','SAMPOERNA HIJAU 12 KTK','',NULL),
	('8999909055063','SAMPOERNA MENTHOL 12','',NULL),
	('8999909076006','SAMPOERNA A MILD MENTHOL 16','',NULL),
	('8999909085114','SAMPOERNA HIJAU 12 BKS','',NULL),
	('8999909096004','SAMPOERNA MILD 16','',NULL),
	('899990912097','DJI SAM SOE 10','',NULL),
	('8999909424999','SAMPOERNA SLOP','',NULL),
	('8999909706699','DJI SAM SOE FILTER 12','',NULL),
	('8999909957565','DJI SAM SOE SUPER PERMIUM 12','',NULL),
	('8999909982000','SAMPOERNA MILD 12','',NULL),
	('8999918181081','AIM ROASTED CHICKEN CRACK 180','',NULL),
	('8999918181180','AIM CORN CRACK 180G','',NULL),
	('8999918181289','AIM CORN CRACK 80G','',NULL),
	('8999918181388','AIM CHOCO CREAM M BEDA 120GR','',NULL),
	('8999918181685','AIM CRYSPI CRACK 150G','',NULL),
	('8999918181883','AIM BISK SQUARE PUFF 250G','',NULL),
	('8999918182187','AIM TOASTY CHEESE 180G','',NULL),
	('8999918182286','AIM BISC VEGETABLE 180GR','',NULL),
	('8999918182682','AIM VANILLA CREAM BISK','',NULL),
	('8999918182781','AIM LEMON CREAM M BEDA 120GR','',NULL),
	('8999918182989','AIM CHEESE CRACK 80G','',NULL),
	('8999918183085','AIM BUTTER COCONUT 120GR','',NULL),
	('8999918282887','AIM BANANA CREAM M BEDA 120GR','',NULL),
	('8999918383188','ANEKA BISK CREAM CRACKER 300G','',NULL),
	('8999918383980','AIM PEANUT BUTTER 70G','',NULL),
	('8999918411010','AIM GOOD MORNING WAFER 300GR','',NULL),
	('8999918435016','AIM RASA DURIAN 350GR KLG','',NULL),
	('8999918435023','AIM RASA COCONUT 350GR KLG','',NULL),
	('8999918441208','AIM GOOD MORNING WAFER 100G','',NULL),
	('8999918441284','AIM CREAM CRACKERS M BEDA 85GR','',NULL),
	('8999918441345','MASTERBIS PEANUT CREAM','',NULL),
	('8999918441376','AIM GOOD SQUARE PUFF 85GR','',NULL),
	('8999918441383','AIM TOASTY CHEESE CRACK 30GR','',NULL),
	('8999918441390','AIM BISC VEGETABLE 80GR','',NULL),
	('8999918441406','AIM CRYSPI CRACK 45G','',NULL),
	('8999918443509','ANEKA BISK SQUARE PUFF 300G','',NULL),
	('8999918451016','AIM SEE HONG PUFF 230GR','',NULL),
	('8999918451078','AIM ANEKA ASSORTED 180GR','',NULL),
	('8999918451085','AIM ANEKA ASSORTED 1000GR','',NULL),
	('8999918451207','BISCUIT TRIF-TI 3IN1 120GR','',NULL),
	('8999918451214','AIM ANEKA ASSORTED 350GR KLG','',NULL),
	('8999918451221','AIM ROASTED CORN 150GR','',NULL),
	('8999918451245','TWIPIZ MARIE CRYSPY 120GR','',NULL),
	('8999918451276','AIM LOVER COKLAT 550','',NULL),
	('8999918451283','AIM LOVER STRW WAFER 550','',NULL),
	('8999918451351','AIM BISKUIT KELAPA MUDA 250GR','',NULL),
	('8999918451375','AIM ROSE CREAM 180','',NULL),
	('8999918451382','AIM CHOCO CREAM 180','',NULL),
	('8999918451412','AIM LOVER COKLAT 80','',NULL),
	('8999918451429','AIM LOVER STR 80','',NULL),
	('8999918585193','AIM MILK COOKIES 250','',NULL),
	('8999918585223','AIM COCOA PUFF 200','',NULL),
	('8999926252254','WYBERT PASTILES','',NULL),
	('8999926256757','WYBERT PLUS CENGKEH 17 G','',NULL),
	('8999926264752','WYBERT PLUS ANISEED 17G','',NULL),
	('8999926382753','WYBERT PLUS EUCALYPTUS 17G','',NULL),
	('8999926446752','WYBERT PLUS JAHE 17 G','',NULL),
	('8999926674759','WYBERT PLUS ORIGINAL 17G','',NULL),
	('8999979000017','LION STAR ROUND BASIN 10 BA-1','',NULL),
	('8999979000611','BANGKU DAPUR LION STAR G-3 SGR','',NULL),
	('8999979000956','LION STAR NS-1 SNOWMAN BTL 430','',NULL),
	('8999979002547','LION STAR SUN COOLER 2,7 SC-1','',NULL),
	('8999979004268','LION STAR LAUNDRY CLIPS JB-1','',NULL),
	('8999979004282','LION STAR HANGER 20 STK','',NULL),
	('8999979004411','LION STAR CUP W/STRAW GL-12','',NULL),
	('8999979005470','LION STAR KITCHEN SCA 5K KS-3','',NULL),
	('8999979009898','LION STAR FOOD CARR 15K 4S R10','',NULL),
	('8999979011044','LION STAR PLATE DELUXE TS-7','',NULL),
	('8999979011778','LION STAR CREAM POT PT-14','',NULL),
	('8999979016247','LION STAR FRESH SEALWARE SW-30','',NULL),
	('8999979016308','LION STAR N-16 JOLLY BTL 500ML','',NULL),
	('8999979016322','LION STAR JOVI MUG 231 GL-38','',NULL),
	('8999979016445','LION STAR JOVI MUG 331 GL-39','',NULL),
	('8999979017824','LION STAR N-75 POP BTL 500ML','',NULL),
	('8999979018227','EXELLENT SPRAY ANT NYAMUK','',NULL),
	('8999979018531','LION STAR STRAW CUP S GL-33','',NULL),
	('8999979019071','LION STAR N-67 KENY BTL 550ML','',NULL),
	('8999979020961','LION STAR GL-65 SOLO MUG 250ML','',NULL),
	('8999979022491','LION STAR LIVINA BROOM BM-333','',NULL),
	('8999979023344','LION STAR NN-12 POCCA BTL 500M','',NULL),
	('8999979023450','LION STAR TISSUE DISP S TR-7','',NULL),
	('8999979023504','LION STAR CLEAN PAL 1,2L C-36','',NULL),
	('8999979024020','LION STAR WALL POT HGR S GB-16','',NULL),
	('8999979024280','LION STAR NN-15 MASKY BTL 500M','',NULL),
	('8999988001029','HI O2 320 ML','',NULL),
	('8999988001036','HI O2 320ML','',NULL),
	('8999988168203','BAPALA BALS PALA MERAH 36G','',NULL),
	('8999988168210','BAPALA BALS PALA MERAH 20G','',NULL),
	('8999988168807','BAPALA BALS PALA UNGU/PTH 36G','',NULL),
	('8999988168814','BAPALA BALS PALA UNGU/PTH 20G','',NULL),
	('8999988168869','BAPALA BALS PALA KUNING 36G','',NULL),
	('8999988168876','BAPALA BALS PALA KUNING 20G','',NULL),
	('8999988188188','KAKI 3 BALSEM HIJAU 36GR','',NULL),
	('8999988188881','KAKI TIGA BALS HIJAU 20GR','',NULL),
	('8999988188898','KAKI TIGA BALS HIJAU 10G','',NULL),
	('8999988269160','ENAO FOOD SUPPLEMENT 6SCT 4G','',NULL),
	('8999988269177','ENAO FOOD SUPPLEMENT 4GR SCT','',NULL),
	('8999988269283','ENA O ENERGY DRINK 150M','',NULL),
	('8999988269290','ENAE O ENERGY DRINK 150 ML','',NULL),
	('8999988269689','ENA O ENERGY DRINK 238 ML','',NULL),
	('8999988288284','KAKI TIGA BALS KUNING 10G','',NULL),
	('8999988288888','KAKI TIGA BALS KUNING 36GR','',NULL),
	('8999988288895','KAKI TIKA BALS KUNING KC 20GR','',NULL),
	('8999988289670','ENERBEE PLUS ENERGI DRINK 250M','',NULL),
	('8999988298986','HEADACHE POWD KAKI TIGA 12SCT','',NULL),
	('8999988318707','LANG-LANG SARI STRAWB 8X7G','',NULL),
	('8999988330228','DELIPO SANZHA PLUM 200ML','',NULL),
	('8999988388182','KAKI TIGA SALEP KULIT','',NULL),
	('8999988388687','KAKI TIGA OBAT KURAP','',NULL),
	('8999988688688','KAKI TIGA BALS PUTIH 36G','',NULL),
	('8999988778570','LASEGAR PLUS RASA JERUK 7GR','',NULL),
	('8999988778594','LASEGAR 24X24HGR','',NULL),
	('8999988778679','LASEGAR PLUS JRK NIPIS 7GR','',NULL),
	('8999988778686','LASEGAR PLUS JERUK NIPIS 7GR','',NULL),
	('8999988778808','LASEGAR APEL 330 ML','',NULL),
	('8999988778815','LASEGAR JERUK 330 ML','',NULL),
	('8999988778822','LASEGAR STRAWBERI 330 ML','',NULL),
	('8999988778839','LASEGAR MELON 330 ML','',NULL),
	('8999988778846','LASEGAR JAMBU 330 ML','',NULL),
	('8999988778853','LASEGAR ANGGUR 330 ML','',NULL),
	('8999988778860','LASEGAR LECI 330 ML','',NULL),
	('8999988778884','LASEGAR JERUK NIPIS 330 ML','',NULL),
	('8999988778976','LASEGAR 500 ML','',NULL),
	('8999988778983','LASEGAR 200 ML','',NULL),
	('8999988888804','KAKI TIGA APEL 320 ML','',NULL),
	('8999988888811','KAKI TIGA JERUK 320 ML','',NULL),
	('8999988888828','KAKI TIGA STARWB 320 ML','',NULL),
	('8999988888835','KAKI TIGA MELON 320 ML','',NULL),
	('8999988888842','KAKI TIGA JAMBU 320 ML','',NULL),
	('8999988888859','KAKI TIGA ANGGUR 320 ML','',NULL),
	('8999988888866','KAKI TIGA LECI 320 ML','',NULL),
	('8999988888972','KAKI TIGA 500 ML','',NULL),
	('8999988888989','KAKI TIGA 200 ML','',NULL),
	('899999715007','VASELINE INTEN CR FARMING 100M','',NULL),
	('8999999000059','TARO SNACK POTATO BARBEQUE','',NULL),
	('8999999000639','CLEAR HAIR STYLING CREAM 250','',NULL),
	('8999999000721','SUNLIGHT ACTIVE GEL ORG 200ML','',NULL),
	('8999999000769','SARI MURNI ISI 5','',NULL),
	('8999999001032','LIF HWL ACTIVFRESH 180 ML','',NULL),
	('8999999001049','LIF HWL TOTALPROTECT 180 ML','',NULL),
	('8999999001056','LIF HWL BLUE 180 ML','',NULL),
	('8999999001070','LIF HWL RED PUMP 200 ML','',NULL),
	('8999999001087','LIF HWL WHITE 200 ML','',NULL),
	('8999999001100','LIFEBOYNATUREPURE 250ML','',NULL),
	('8999999001124','LIFEBUOY BW MILDCARE 250 ML','',NULL),
	('8999999001131','LIF BW BIRU 300 BTL','',NULL),
	('8999999001148','LIF BW GREEN 300 BTL','',NULL),
	('8999999001155','LIF BW RED 300 BTL','',NULL),
	('8999999001162','LIF BW BIRU 300 BTL','',NULL),
	('8999999001179','LIFEBOUY BW ACTIVFRESH 450 ML','',NULL),
	('8999999001186','LIFEBOY NATUREPURE BW 450ML','',NULL),
	('8999999001209','LIFEBOUY BW MILDCARE 450 ML','',NULL),
	('8999999001216','LIF BW BIRU 100BTL','',NULL),
	('8999999001223','LIF BW GREEN 100 BTL','',NULL),
	('8999999001230','LIF BW RED 100 BTL','',NULL),
	('8999999001247','LIF BW BIRU 100 BTL','',NULL),
	('8999999005498','LIFEBOUY SHP STRONG&SHINY 90 M','',NULL),
	('8999999054038','WALLS MOO ACTIVE 6','',NULL),
	('8999999091347','KNORR BUMBU KUAH BAKSO 8GR','',NULL),
	('8999999100353','KECAP BANGGO MANIS 100ML','',NULL),
	('8999999100506','KECAP BANGO 600ML REFIL','',NULL),
	('8999999101183','KECAP BANGO MANIS REFIL 110 ML','',NULL),
	('8999999101190','KECAP BANGO MANIS REFIL 225 ML','',NULL),
	('8999999191214','TARO NET CHICKENZILLA 16','',NULL),
	('8999999191337','TARO NET CHICKEN 16GR','',NULL),
	('8999999191368','TARO NET CHICKEN 70GR','',NULL),
	('8999999191412','ROYCO SUP KRIM JAMUR 55GR','',NULL),
	('8999999191429','ROYCO SUP KRIM ASPARAGUS 56GR','',NULL),
	('8999999191436','ROYCO SUP KRIM AYAM 58GR','',NULL),
	('8999999191443','ROYCO SUP KRIM JAGUNG 50GR','',NULL),
	('8999999191467','TARO TWIN PACK CHICKEN 140GR','',NULL),
	('8999999191504','TARO SEAWEED 16 G','',NULL),
	('8999999191511','TARO STICK CHEESY CORN 20GR','',NULL),
	('8999999191726','TARO STICK ROASTED CORN 20GR','',NULL),
	('8999999191801','TARO NET SEAWEED 70GR','',NULL),
	('8999999191818','TARO TWIN PACK SEAWEED 140GR','',NULL),
	('8999999191825','TARO POTATO BBQ 16GR','',NULL),
	('8999999191832','TARO NET POTATO BARBEQUE 70GR','',NULL),
	('8999999191849','TARO TWIN PACK POTATO 140GR','',NULL),
	('8999999191979','ROYCO BUMBU PELEZAT R ASAM 10G','',NULL),
	('8999999191993','ROYCO BUMBU RASA ASAM 100GR','',NULL),
	('8999999192006','ROYCO B PELEZAT R TERASI 10G','',NULL),
	('8999999192020','ROYCO BUMBU RASA TERASI 100 G','',NULL),
	('8999999192150','ROYCO BUMBU RASA AYAM 100GR','',NULL),
	('8999999192181','ROYCO PELEZAT CAIR 110ML','',NULL),
	('8999999192198','ROYCO SERBAGUNA R.SAPI 100GR','',NULL),
	('8999999192754','ROYCO BUMBU PELEZAT 200 ML','',NULL),
	('8999999192853','ROYCO RASA AYAM EXTRA 20 %','',NULL),
	('8999999192860','ROYCO RASA SAPI EXTRA 20 %','',NULL),
	('8999999192921','ROYCO TP BUMBU TEMPURA 70GR','',NULL),
	('8999999192938','ROYCO TEPUNG BUMBU 80GR','',NULL),
	('8999999192945','ROYCO TEPUNG BUMBU EX PDS 80GR','',NULL),
	('8999999193164','TARO STICK CHEESY CORN 60','',NULL),
	('8999999193171','TARO STICK ROASTED CORN 60 G','',NULL),
	('8999999193188','TARO STIK PAPRIKA 18 G','',NULL),
	('8999999193195','TARO CHEESY 18','',NULL),
	('8999999193201','TARO STICK ROASTED CORN 18','',NULL),
	('8999999193256','ROYCO FDS RASA AYAM 6X8G','',NULL),
	('8999999193263','ROYCO FDS RASA SAPI 6X8G','',NULL),
	('8999999193294','ROYCO SERBAGUNA RASA AYAM 50GR','',NULL),
	('8999999193300','ROYCO SAPI 50','',NULL),
	('8999999193317','ROYCO SERBAGUNA 200 AYAM','',NULL),
	('8999999193324','ROYCO SERBAGUNA 200 SAPI','',NULL),
	('8999999193331','TARO SEAWEED 60','',NULL),
	('8999999193348','TARO POTATO 60','',NULL),
	('8999999193409','TARO CHILIKONG 16','',NULL),
	('8999999193416','TARO NET CHILIKONG 60','',NULL),
	('8999999193430','SARIWANGI TEH CELUP 100X2GR','',NULL),
	('8999999193447','SARIWANGI TEH HIJAU 25 S','',NULL),
	('8999999193522','SARIWANGI 5X1.85G','',NULL),
	('8999999193539','SARIWANGI 25X1.85G','',NULL),
	('8999999193546','SARIWANGI 50X1.85G','',NULL),
	('8999999193553','SARIWANGI 100 X 2GR','',NULL),
	('8999999193607','SARIWANGI MELATI 25 X 2GR','',NULL),
	('8999999193614','SARIWANGI TEH MADU 5X18GR','',NULL),
	('8999999193683','LIPTON ICE TEA LEMON 200ML','',NULL),
	('8999999193690','LIPTON ICE TEA APPLE 200ML','',NULL),
	('8999999194031','ROYCO BUMBU SERBAGUNA 8GR','',NULL),
	('8999999194048','ROYCO RASA AYAM 8GR','',NULL),
	('8999999194703','SARI MURNIO 16GR','',NULL),
	('8999999194710','SARI MURNI 40GR','',NULL),
	('8999999194772','SARIWANGI 25 X 2GR','',NULL),
	('8999999195298','SARIWANGI TEH KELAT 25SCT','',NULL),
	('8999999195359','SARIWANGI TEH KELAT 5SCT','',NULL),
	('8999999195656','SARI WANGI CELUP 50','',NULL),
	('8999999195663','SARI WANGI CELUP 25','',NULL),
	('8999999195670','SARI WANGI CELUP 100','',NULL),
	('8999999196257','SARIWANGI TEH J NIPIS 5X18GR','',NULL),
	('8999999196264','SARIWANGI TEH JAHE 5X18GR','',NULL),
	('8999999196271','SARIWANGI TEH SUSU 5X18GR','',NULL),
	('8999999197049','BLUE BAND 250G','',NULL),
	('8999999197070','BLUE BAND 2 KG','',NULL),
	('8999999197803','ROYCO TP BB TEMPURA 80GR','',NULL),
	('8999999197810','ROYCO TP BB SERBAGUNA PDS 80GR','',NULL),
	('8999999197827','ROYCO TP BB SERBAGUNA 80GR','',NULL),
	('8999999198572','ROYCO B PELEZAT SG RS AYAM 10G','',NULL),
	('8999999198589','ROYCO RASA SAPI 10 GR','',NULL),
	('8999999198862','BLUE BAND 200G','',NULL),
	('8999999198893','BLUE BAND 1KG','',NULL),
	('8999999271060','WALLS PADDLE POP COKLAT','',NULL),
	('8999999271237','WALLS PADDLE POP PELANGI KARAM','',NULL),
	('8999999271350','WALLS PADDLE POP MINI SUSU COK','',NULL),
	('8999999271411','WALLS BLIP BLOP','',NULL),
	('8999999271428','WALLS FEAST COKLAT KACANG','',NULL),
	('8999999271435','WALLS FEAST VANILLA KACANG','',NULL),
	('8999999271572','WALLS MAGNUM CLASSIC VANILA','',NULL),
	('8999999271602','WALLS DIMPI TRICO STRAWB JAMBU','',NULL),
	('8999999271671','WALLS PADDLE POP KARAMEL COKL','',NULL),
	('8999999271787','WALLS ROCKET JERUK STRAWB','',NULL),
	('8999999271800','WALLS PADDLE POP SUSU VANILA','',NULL),
	('8999999271817','WALLS PADDLE POP TWISTER RJA','',NULL),
	('8999999271831','WALLS PADDLE POP TWISTER CVS','',NULL),
	('8999999271855','WALL S PADDLE POP KARAMEL 65 M','',NULL),
	('8999999271862','WALL S PADDLE POP CHOCO ROCKY','',NULL),
	('8999999271879','WALL S PADDLE POP STAWBERY 65','',NULL),
	('8999999271886','WALLS LT GUMMY OCEAN 65ML','',NULL),
	('8999999271893','WALL S PADDLE POP CHOCO MUD 65','',NULL),
	('8999999271923','WALL S PADDLE BUBBLE GUM','',NULL),
	('8999999271930','WALL S PADDLE POP CHOCK ROCKS','',NULL),
	('8999999271947','WALL S TRICO 70ML','',NULL),
	('8999999271954','WALL S TWISTER ICE CONFEC 75M','',NULL),
	('8999999272005','WALLS PADDLE POP THICK SHAKE','',NULL),
	('8999999272173','WALLS POPULAIRE STRAWB&VANILA','',NULL),
	('8999999272180','WALLS POPULAIRE COKLAT&VANILA','',NULL),
	('8999999272241','WALLS PADDLE POP TS FROZEN','',NULL),
	('8999999273132','WALLS CONELLO COKLAT','',NULL),
	('8999999273149','WALLS CONELLO STRAWB','',NULL),
	('8999999273248','WALLS CONELLO CAPPUCINO','',NULL),
	('8999999273255','WALLS DOUBLE RASA STRAW','',NULL),
	('8999999273262','WALLS DOUBLE RASA TIRAMISU 125','',NULL),
	('8999999273279','WALL S CONELLO CUP COKLAT','',NULL),
	('8999999273286','WALL S CONELLO MOCHA CUP','',NULL),
	('8999999273293','WALL S CONELLO MINTTO BE','',NULL),
	('8999999273309','WALL S CONELLO CHOCO HUGS','',NULL),
	('8999999273316','WALL S CONELLO LUVPUCCINO','',NULL),
	('8999999273323','WALL S CONELLO FLIRTY BERRY','',NULL),
	('8999999273347','WALL S CONELLO TIRAMISE YOU','',NULL),
	('8999999273354','WALLS CONELLO LATTE CARAMEL','',NULL),
	('8999999273361','WALLS CONELLO HZL MOCHACINO','',NULL),
	('8999999273378','CONERLLO CHOCOLUV 135','',NULL),
	('8999999273385','CONELLO ROYALE LY BERRY MUCH','',NULL),
	('8999999273392','CONELLO BLACK ROYAL 135','',NULL),
	('8999999273408','WALL S ROYALE ALMOND PRALI 135','',NULL),
	('8999999273415','WALL S ROYALE SWRETHEAR BR 135','',NULL),
	('8999999273446','WALL S CONELLO CHOCOLATE 120ML','',NULL),
	('8999999273453','CONELLO CLASSICO TIRAMISU','',NULL),
	('8999999273460','WALL S CONELLO CAPPUCINO 120ML','',NULL),
	('8999999274047','WALLS PADDLE POP BIZ-KIDZ 75ML','',NULL),
	('8999999275433','WALLS SHAKY2 SHAKE','',NULL),
	('8999999275440','WALLS SHAKY SHAKE','',NULL),
	('8999999275457','WALLS RAINBOW WAVE 60','',NULL),
	('8999999275464','WALLS CHOCO MAGMA 60','',NULL),
	('8999999275488','WALLS SEA JELLY BURST 60','',NULL),
	('8999999275501','WALLS TWISTER SABER 75','',NULL),
	('8999999275525','WALLS KUNGFU COOKIES','',NULL),
	('8999999275549','WALLS TWISTER FRUITY','',NULL),
	('8999999275556','WALLS NINJA JELLY','',NULL),
	('8999999275563','NINJA EAGLE SURP','',NULL),
	('8999999275570','RAINBOW PEAK','',NULL),
	('8999999275587','PADDLE POP CHOKO KICK','',NULL),
	('8999999276171','WALLS MOO','',NULL),
	('8999999277406','WALLS PADDLE POP PELANGI 1000M','',NULL),
	('8999999277413','WALLS PADDL4E POP COOK&CR','',NULL),
	('8999999277444','WALLS MOCCA BLIZZARD','',NULL),
	('8999999277468','WALLS VANILLA 900ML','',NULL),
	('8999999277475','WALLS 3 IN 1 COK,STRA,VAN 900','',NULL),
	('8999999277482','WALLS CHOCOLATE BLIZZARD 900G.','',NULL),
	('8999999277499','WALLS COOKIES & CREAM VAN 900M','',NULL),
	('8999999277505','WALS 2 IN 1 VAN COK COOK 900ML','',NULL),
	('8999999277512','WALLS 2 IN 1 STRAWBERY 900ML','',NULL),
	('8999999277529','WALLS SELECTION CHOCOLATE','',NULL),
	('8999999277536','WALLS SELECTION STRAWB 850GR','',NULL),
	('8999999277543','WALLS SELECTION COFFEE NUTS','',NULL),
	('8999999277550','WALL S SELECTION HONEY CARAMEL','',NULL),
	('8999999277567','WALLS STRAWB 900ML','',NULL),
	('8999999277604','WALLS VERY ROCKY ROAD 900 ML','',NULL),
	('8999999277611','WALLS DOUBLE DUTCH 900 ML','',NULL),
	('8999999277628','WALLS 2 IN 1 CHOCO MARBLE 900M','',NULL),
	('8999999277635','WALL S 2 IN 1 STRAW GRACIA 900','',NULL),
	('8999999277642','WALLS VERY ROCKY ROAD 400 ML','',NULL),
	('8999999277659','WALL S DOUBLE DUCTH 400 ML','',NULL),
	('8999999277673','WALL S 2 IN 1 STRAWBERY 400 M','',NULL),
	('8999999277680','WALL S 2 IN 1 VANILLA COK 400M','',NULL),
	('8999999277697','WALL SELECTION CHOCOLATE 850ML','',NULL),
	('8999999277703','WALL SELECTION CAPPUCCINO 850','',NULL),
	('8999999277710','WALL SELECTION BLUEBERY 850ML','',NULL),
	('8999999277727','WALL SELECTION STRAWBWRY 850ML','',NULL),
	('8999999277734','WALLS MOO 70 ML','',NULL),
	('8999999277741','WALL S TRIPLE COKLAT 3IN1 900','',NULL),
	('8999999277758','WALL S 3IN1 STW,ORG,BUBLE 900M','',NULL),
	('8999999277765','WALL S 3IN1 CLK,STRW,VAN','',NULL),
	('8999999277772','WALL S 3IN1 STR,BBG,ORG 400ML','',NULL),
	('8999999277802','WALLS 2IN1 STRW,CHOC CHIP 400M','',NULL),
	('8999999277819','WALLS 2IN1 STRAWB CHOCO 900GR','',NULL),
	('8999999277826','WALL SELECTION DOUBLE HZNT 850','',NULL),
	('8999999277840','WALL S MILKY VANILLA CHO 900ML','',NULL),
	('8999999277857','WALL S MILKY VANILLA 400ML','',NULL),
	('8999999277895','WALLS BRONIES TIRAMISU 600G','',NULL),
	('8999999277901','WALLS VIENNETTA BROW.CHO 600G','',NULL),
	('8999999277918','WALLS NYDAILY HCAL BLUE 400','',NULL),
	('8999999277925','WALLS MILK VANILLA 900','',NULL),
	('8999999277932','WALL S SELECT ITALIAN 750ML','',NULL),
	('8999999277963','WALL S SELECT CHESSIE BLUE 750','',NULL),
	('8999999277987','WALLS VIENNETTA BLACK FOREST','',NULL),
	('8999999278274','WALL S VIENNETA KURMA 600ML','',NULL),
	('8999999278281','WALL S MINI CORNET STRW 12X30M','',NULL),
	('8999999278298','WALL S MINI CORNET CHOC 12X30M','',NULL),
	('8999999278359','WALL S TRI CHOCO 350 ML','',NULL),
	('8999999278366','WALLS COKLAT VANILLA 350','',NULL),
	('8999999278380','WALL S TRIPLE TWIST 350 ML','',NULL),
	('8999999278403','WALLS TRIPLE FRUIT 350','',NULL),
	('8999999278427','WALLS NEOPOLITAN 350','',NULL),
	('8999999278434','WALLS COKLAT VANILA 700','',NULL),
	('8999999278441','WALL S CORNETTO DISC CHO','',NULL),
	('8999999278458','CONELO DISC VAN','',NULL),
	('8999999280000','WALLS PADDLE POP COKLAT 65ML','',NULL),
	('8999999280017','WALLS PADDLE POP FLAKES','',NULL),
	('8999999280024','WALLS PADDLE POP PELANGI','',NULL),
	('8999999280086','WALLS PADDLE POP C&C VANILA','',NULL),
	('8999999280093','WALL S PADDLE POP GALACTICA','',NULL),
	('8999999280109','WALL S PADDLE POP GALACTICA','',NULL),
	('8999999280116','WALL S JELLY GALAXY 65ML','',NULL),
	('8999999280123','WALL S PADDLE POP GALACTICA','',NULL),
	('8999999280130','WALL S PADDLE POP GALACTICA','',NULL),
	('8999999280147','WALL S PADDLE POP NUTTY CHOC','',NULL),
	('8999999280154','WALL S PADDLE POP RAINBAOW','',NULL),
	('8999999280161','WALL S PADDLE POP SARSI','',NULL),
	('8999999280178','WALL S PADDLE POP CHOCO CHARM','',NULL),
	('8999999280185','WALL S PADDLE POP MARKISA','',NULL),
	('8999999280192','PADDLE POP CANDY CAKE NOVA','',NULL),
	('8999999280208','WALLS CHOCO BERRY PO[[ER','',NULL),
	('8999999280215','PADDLE POP CHOCOLATE VOLT 60ML','',NULL),
	('8999999280222','PADDLE POP RAINBOW SPARK 60ML','',NULL),
	('8999999280239','PADDLE POP TWISTER COLA 75ML','',NULL),
	('8999999280246','PADDLE POP CYBERION 65ML','',NULL),
	('8999999280253','WALL S TRICO STRAWBERRY 60ML','',NULL),
	('8999999282196','WALLS POPULAIRE COK/VAN 90 ML','',NULL),
	('8999999282202','WALLS POPULAIRE STRO/VAN 90 ML','',NULL),
	('8999999283018','CANELLO CLASSICO VANILA 110ML','',NULL),
	('8999999283025','WALLS CONELO TIRAMISU 110','',NULL),
	('8999999283032','WALLS CONELLO HAZELNUT MOCA','',NULL),
	('8999999283049','WALLS CONELLO LATTE CARAMEL','',NULL),
	('8999999290009','WALLS MAGNUM ALMOND','',NULL),
	('8999999290030','WALLS VIENNETTA VAN COKLAT 600','',NULL),
	('8999999294021','WALL S FEAST VANILA 65ML','',NULL),
	('8999999294038','WALL S FEAST COKLAT KACANG 65M','',NULL),
	('8999999390037','RINSO ANTI NODA 500GR','',NULL),
	('8999999390044','RINSO ANTI NODA IKG','',NULL),
	('8999999390099','RINSO MATIC 1 KG','',NULL),
	('8999999390105','RINSO MATIC 3 KG','',NULL),
	('8999999390129','SUNLIGHT CREAM JRK NIPIS 400G','',NULL),
	('8999999390167','SUNLIGHT PIRING LEMON 400ML','',NULL),
	('8999999390174','SUNLIGHT PIRING LEMON 800ML','',NULL),
	('8999999390181','SUNLIGHT PIRING LIME POUCH 400','',NULL),
	('8999999390198','SUNLIGHT PIRING LIME POUCH 800','',NULL),
	('8999999390211','SUNLIGHT PIRING LIME 225ML','',NULL),
	('8999999390310','RINSO WARNA 1 KG','',NULL),
	('8999999390327','RINSO WARNA 2 KG','',NULL),
	('8999999390419','SUNLIGHT JERUK NIPIS 200ML','',NULL),
	('8999999390495','OMO CREAM BIRU 200G','',NULL),
	('8999999390501','OMO CREAM BIRU 400G','',NULL),
	('8999999390518','OMO KRIM POT 400G','',NULL),
	('8999999390532','OMO CREAM LEMON 400G','',NULL),
	('8999999390549','OMO KRIM LEMON POT 400G','',NULL),
	('8999999390594','OMO KRIM HIGINIS POT 400G','',NULL),
	('8999999390723','RINSO WARNA CLEAN 1KG','',NULL),
	('8999999390730','RINSO COLOUR & CARE 2KG','',NULL),
	('8999999390884','LIFEBUOY MERAH 90G','',NULL),
	('8999999390891','LIFEBUOY BIRU 90G','',NULL),
	('8999999390907','LIFEBUOY KUNING 90G','',NULL),
	('8999999390914','LIFEBUOY HIJAU 90G','',NULL),
	('8999999390969','SURF DET LIME FRESH 45GR','',NULL),
	('8999999390976','SURF BUBUK LIME FRESH 900','',NULL),
	('8999999391041','RINSO BUBUK WARNA 93G','',NULL),
	('8999999391102','LUX YOUTHFUL ESSENSE 100GR','',NULL),
	('8999999391270','LIFEBUOY HEALTHY FRESH 300ML','',NULL),
	('8999999391379','SUNLIGHT KRIM LIME POT 400G','',NULL),
	('8999999391539','LIFEBUOY CLEAR SKIN 80GR','',NULL),
	('8999999391560','RINSO ANTI NODA 32GR','',NULL),
	('8999999391621','RINSO ANTINODA 500GR NEW','',NULL),
	('8999999391638','RINSO ANTI NODA 900','',NULL),
	('8999999391645','RINSO ANTI NODA 2KG','',NULL),
	('8999999391713','VIM 650G','',NULL),
	('8999999391751','VIM BUBUK PEMBERSIH LEMON 650G','',NULL),
	('8999999391768','RINSO MATIC 1KG','',NULL),
	('8999999391799','RINSO MATIC 3 KG','',NULL),
	('8999999391850','LIFEBUOY HIJAU 70GR','',NULL),
	('8999999391867','LIFEBUOY PINK 70GR','',NULL),
	('8999999391973','RINSO WARNA 1 KG','',NULL),
	('8999999392123','SURF LIME FRESH 2KG','',NULL),
	('8999999392147','RINSO WARNA BUBUK 2KG','',NULL),
	('8999999392154','SUNLIGHT LEMON 200ML','',NULL),
	('8999999392178','SUNLIGHT JERUK NIPIS 250ML','',NULL),
	('8999999392215','SUNLIGHT JERUK NIPIS 650G','',NULL),
	('8999999392222','SUNLIGHT SCOURER LIME RVL 650G','',NULL),
	('8999999392277','SUNLIGHT LEMON 250ML BTL','',NULL),
	('8999999392383','RINSO BUBUK ANTI NODA 80G','',NULL),
	('8999999392543','LIFEBOY BODY WASH WHITE 100','',NULL),
	('8999999392581','LIFEBOY BODY WASH RED 100','',NULL),
	('8999999392598','LIFEBUOY B WASH NATUREPURE 100','',NULL),
	('8999999392734','SUNLIGHT JERUK NIPIS 90ML','',NULL),
	('8999999392796','LIFEBUOY BD WASH RED 300M','',NULL),
	('8999999392819','LIFEBUOY SURE PINK 90 GR','',NULL),
	('8999999392864','LUX SH PUMP 750ML SOFT LUX','',NULL),
	('8999999392956','LUX HONEY&JASMINE 75G','',NULL),
	('8999999392963','LUX BEAUTY WITH MILK & ROSE 75','',NULL),
	('8999999393007','SURF PTH CEMERLANG LM FRES 900','',NULL),
	('8999999393021','LIFEBUOY BD WASH RED 250M','',NULL),
	('8999999393045','SURF PTH CEMERLANG CLE FRES900','',NULL),
	('8999999393069','LIFEBUOY BD WASH BLUE 250M','',NULL),
	('8999999393090','LUX WHITE SPA SCRUB 200ML','',NULL),
	('8999999393311','LUX SPECIAL 2005 100GR','',NULL),
	('8999999393434','LUX BEAUTY SHOWER MOISTUR 300M','',NULL),
	('8999999393458','LUX SHOWER CREAM SILK 250ML','',NULL),
	('8999999393465','LUX BEAUTY SHOWER NOURISH 300M','',NULL),
	('8999999393472','LUX SPA SCRUB DISTRESS 200','',NULL),
	('8999999393526','LIFEBUOY BODY WASH D CLEAN 100','',NULL),
	('8999999393533','SURF THOU FLOWER 110 G','',NULL),
	('8999999393540','LIFEBOY BODY WASH M CARE 250','',NULL),
	('8999999393571','VIM LEMON 650G','',NULL),
	('8999999393595','VIM BUBUK PEMBERSIH 650G','',NULL),
	('8999999393687','SUNLIGHT PIRING LIME 800ML-BTL','',NULL),
	('8999999393748','LIFEBUOY DEEP CLEAN 250 ML','',NULL),
	('8999999393762','RINSO COLOUR & CARE 900GR','',NULL),
	('8999999393779','SUNLIGHT PRG LEMON 800ML-BTL','',NULL),
	('8999999393823','LUX BEAUTY SHOWER REFRESH 300M','',NULL),
	('8999999393847','LIFEBUOY NATUREPURE 250ML','',NULL),
	('8999999393861','LUX EVENING SILK 250 ML','',NULL),
	('8999999393878','LIFEBOY BODY WASH ORIGINAL 250','',NULL),
	('8999999393892','LIFEBOY BODY WASH WHITE 300','',NULL),
	('8999999393908','LIFEBOY DEEP CLEAN BW 300 RED','',NULL),
	('8999999393915','LIFEBUOY BODY WASH NATUR P 300','',NULL),
	('8999999393922','LIFEBOY BODY WASH ORIGINAL 300','',NULL),
	('8999999393953','LIFEBUOY MILDCARE 85GR','',NULL),
	('8999999394035','SURF LIME FRESH 1 KG','',NULL),
	('8999999394042','SURF DETERJEN 2 KG','',NULL),
	('8999999394073','RINSO BUBUK ANTI NODA 500G','',NULL),
	('8999999394080','RINSO BUBUK ANTI NODA 1 KG','',NULL),
	('8999999394097','RINSO BUBUK ANTI NODA 2 KG','',NULL),
	('8999999394141','SURF FLOWERS 2 KG','',NULL),
	('8999999394158','RINSO ANTI NODA 200GR','',NULL),
	('8999999394219','RINSO EXCEL 1 KG','',NULL),
	('8999999394271','LUX SHOWER EVENING SILK 450ML','',NULL),
	('8999999394349','LUX BEAUTY SHOWER GENTLE 300M','',NULL),
	('8999999394356','SURF BUBUK 100G','',NULL),
	('8999999394462','LUX SHOWER SPARKLING BEAU 250M','',NULL),
	('8999999394479','LUX SHOWER CREAM SILK 100ML','',NULL),
	('8999999394486','LIFEBUOY TOTALPROTECT 85GR','',NULL),
	('8999999394523','LIFEBUOY NATUREPURE 85GR','',NULL),
	('8999999394547','LUX SHWR CREAM SOFT LUXURY 100','',NULL),
	('8999999394608','LUX SHWR CREAM SPARKLING 100ML','',NULL),
	('8999999394615','SUNLIGHT STRAWBERRY 800ML','',NULL),
	('8999999394776','LUX BEAU SHOW REF PINK 250 ML','',NULL),
	('8999999394851','SURF LIME FRESH 900','',NULL),
	('8999999394905','RINSO EXCEL MAGIC HUNT 1KG','',NULL),
	('8999999394912','SURF CLEAN FRESH 90GR','',NULL),
	('8999999394929','SUNLIGHT LIME 800ML+MGK RFL','',NULL),
	('8999999394967','LUX SHOWER CREAM CITRUS 250ML','',NULL),
	('8999999395049','LUX WHITE GLAMOUR 100','',NULL),
	('8999999395285','LUX BEAUTY SHOWER GREEN 250 ML','',NULL),
	('8999999395292','LUX BEAUTY SHOWER GREEN 300 ML','',NULL),
	('8999999395353','LUX BEAUT SHOW LIME 250M','',NULL),
	('8999999395391','LUXCREAMY DELIGHT 90 G','',NULL),
	('8999999395407','LUX SHOWER VIBRANT CITRUS 450M','',NULL),
	('8999999395414','LUX SHOWER SPARKLING B 450ML','',NULL),
	('8999999395438','LUX SHOWER SPARKLING BEAU 250M','',NULL),
	('8999999395445','LUX SHOWER SOFT LUXURY 250 R','',NULL),
	('8999999395520','LIFEBUOY ACTIFRESH 85GR','',NULL),
	('8999999395711','LUX AROMATIX PETAL TOUCH 90GR','',NULL),
	('8999999395780','LUX YOUTHFUL ESSENCE 90GR','',NULL),
	('8999999395797','LUX SARI BUNGA LOTUS','',NULL),
	('8999999395803','LUX AQUA SPARKLE 90GR','',NULL),
	('8999999395827','LUX DAZZLING BEAUTY 90 G','',NULL),
	('8999999395988','LUX AROMATIX PEARL GLOW 90 GR','',NULL),
	('8999999395995','RINSO MOLTO MAGIC FRESH 900ML','',NULL),
	('8999999396251','LUX VIBRANT CITRUS 250 ML','',NULL),
	('8999999396275','LUX EVENING SILK 250 ML','',NULL),
	('8999999396282','LUX WHITE GLAMOUR 250 ML','',NULL),
	('8999999396299','LUX SILK NOURISHMENT 250 ML','',NULL),
	('8999999396329','LUX S.LUXURY SHOWER CREAM 450','',NULL),
	('8999999396367','LUX BEAUTY SHOW 450ML','',NULL),
	('8999999396398','LUX BEAUT SHOW ALMOND 250M','',NULL),
	('8999999396435','SURF LIME FRESH 100GR','',NULL),
	('8999999396510','LUX WHITE GLAMOUR SHOWER 450M','',NULL),
	('8999999396749','SUNLIGHT CREAM 2IN1 350GR','',NULL),
	('8999999396886','LIFEBUOY HEALTY CLEAN 100ML','',NULL),
	('8999999396916','LIFEBUOY HEALTHY CLEAN 300ML','',NULL),
	('8999999397074','LUX GLAMOUR 90GR','',NULL),
	('8999999397289','LUX BDW MAGIC SPELL 250BTL','',NULL),
	('8999999397333','LIFEBUOY CAIR HEALTY CARE 450M','',NULL),
	('8999999397364','LUX MAGIC SPELL 90GR','',NULL),
	('8999999397371','LUX MAGIC SPELL BDWASH 250ML','',NULL),
	('8999999397432','SUNLIGHT BATANGAN 270G','',NULL),
	('8999999397470','SURF CLEAN FRESH 2KG','',NULL),
	('8999999397555','SURF CLEAN FRESH 1KG','',NULL),
	('8999999397661','SURF CLEAN FRESH 100GR','',NULL),
	('8999999397784','RINSO ANTI NODA 75GR','',NULL),
	('8999999397968','SUPERBUSA BATANGAN 210G','',NULL),
	('8999999398828','LIFEBUOY HEALTHY CLEAN 300ML','',NULL),
	('8999999398835','LIFEBUOY HEALTHY CARE 300ML','',NULL),
	('8999999398859','LIFEBUOY BODY WASH D CLEAN 450','',NULL),
	('8999999398910','SUNLIGHT SOAP 225GR','',NULL),
	('8999999399009','RINSO ALOE VERA 70GR','',NULL),
	('8999999399207','LIFEBOY BODY WASH TOTAL P 450','',NULL),
	('8999999399238','LIFEBOY BODY WASH M CARE 450','',NULL),
	('8999999399276','LIFEBUOY BODY WASH NATUR P 450','',NULL),
	('8999999399528','LUX LUXURY SHOWER PINK 450ML','',NULL),
	('8999999399771','RINSO ANTINODA 75GR','',NULL),
	('8999999399917','LUX LUXURY SHOWER PINK 250ML','',NULL),
	('8999999399962','LUX WHITE GLAMOUR 250 ML','',NULL),
	('8999999400002','RINSO ANTI NODA 56 GR','',NULL),
	('8999999400118','SUNCLIN PEMUTIH REGUL 100ML','',NULL),
	('8999999400125','SUNCLIN PEMUTIH REGULAR 200M','',NULL),
	('8999999400132','SUNCLIN PEMUTIH REGULAR 500ML','',NULL),
	('8999999400149','SUNCLIN PEMUTIH REGULAR 1000ML','',NULL),
	('8999999400187','SUNCLIN PEMUTIH LEMON 200ML','',NULL),
	('8999999400194','SUNCLIN PEMUTIH LEMON 500ML','',NULL),
	('8999999400200','SUNCLIN PEMUTIH LEMON 1000 ML','',NULL),
	('8999999400231','SUNCLIN PEMUTIH FRESH 100ML','',NULL),
	('8999999400484','SUNCLIN PEMUTIH FLORAL 100ML','',NULL),
	('8999999400491','SUNCLIN PEMUTIH FLORAL 200ML','',NULL),
	('8999999400507','SUNCLIN PEMUTIH FLORAL 500ML','',NULL),
	('8999999400576','MOLTO PEWANGI VIOLET 450ML','',NULL),
	('8999999400583','MOLTO PEWANGI VIOLET 900 ML','',NULL),
	('8999999400590','MOLTO PEWANGI VIOLET 1800ML','',NULL),
	('8999999400613','MOLTO ULTRA BIRU 300 BTL','',NULL),
	('8999999400637','MOLTO ULTRA PINK 300 BTL','',NULL),
	('8999999400651','MOLTO SOFTENER FLOWER 450 ML','',NULL),
	('8999999400736','MOLTO PEWANGI PEAC VANILA 1800','',NULL),
	('8999999400743','MOLTO PW PEACH & VANILLA 900ML','',NULL),
	('8999999400798','MOLTO ULTRA BLUE SCT','',NULL),
	('8999999400804','MOLTO ULTRA PINK SCT','',NULL),
	('8999999400811','MOLTO ULTRA BLUE REFF 300ML','',NULL),
	('8999999400828','MOLTO ULTRA PINK 300ML RFL','',NULL),
	('8999999400897','SUNLIGHT ACTIVE GEL 200 ML','',NULL),
	('8999999400903','MOLTO FLORAL BLISS REFF 450 ML','',NULL),
	('8999999400910','MOLTO FLORAL BLISS 6 S','',NULL),
	('8999999400958','MOLTO PEWANGI FLO BLISS 900ML','',NULL),
	('8999999400965','MOLTO PEWANGI FRUITY 900 R','',NULL),
	('8999999401023','MOLTO PEWANGI FLOWER SHOWER900','',NULL),
	('8999999401054','MOLTO TRIKA FLOWER 450 RF','',NULL),
	('8999999401078','RINSO MOLTO ULTRA 800','',NULL),
	('8999999401122','MOLTO ULTRA SB 6 S','',NULL),
	('8999999401139','MOLTO ULTRA SEKALI BILAS 300','',NULL),
	('8999999401146','MOLTO ULTRA MORNING FRES 300','',NULL),
	('8999999401160','MOLTO ULTRA SB GREEN 300 ML','',NULL),
	('8999999401177','MOLTO ULTRA SB 300 BTL','',NULL),
	('8999999401221','RINSO ANTI NODA 450','',NULL),
	('8999999401238','RINSO ANTI NODA 900','',NULL),
	('8999999401252','RINSO ANTI NODA 2K','',NULL),
	('8999999401313','SURF CLEAN FRESH 900 G','',NULL),
	('8999999401320','SURF LIME FRESH 900 G','',NULL),
	('8999999402495','MOLTO ALOE VERA 900ML','',NULL),
	('8999999402501','MOLTO SOFTENER ALUE VERA 1800M','',NULL),
	('8999999402815','MOLTO PEWANGI LAVENDER SCT','',NULL),
	('8999999403096','MOLTO SOFT BLUE 450ML','',NULL),
	('8999999403102','MOLTO SOFT SPRING BLUE 500ML','',NULL),
	('8999999403119','MOLTO SOFTENER BLUE 900ML','',NULL),
	('8999999403126','MOLTO SOFT SPRING BLUE 1000ML','',NULL),
	('8999999403164','MOLTO SOFT BLOSSOM PINK 450ML','',NULL),
	('8999999403188','MOLTO SOFTENER PINK 900M','',NULL),
	('8999999403195','MOLTO SOFT PINK 1000ML','',NULL),
	('8999999403225','MOLTO SOFT VIOLET 450ML','',NULL),
	('8999999403256','MOLTO SOFT VIOLET 1000ML','',NULL),
	('8999999403287','MOLTO SOFT GREEN 450ML','',NULL),
	('8999999403300','MOLTO SOFTENER GREEN 900ML','',NULL),
	('8999999403317','MOLTO SOFT GREEN 1000ML','',NULL),
	('8999999403331','MOLTO SOFT PINK 1800 ML','',NULL),
	('8999999403348','MOLTO SOFT BLUE 1800 ML','',NULL),
	('8999999403423','MOLTO PEWANGI PINK 1800ML','',NULL),
	('8999999403430','MOLTO PEWANGI LAVENDER 1800ML','',NULL),
	('8999999403478','MOLTO PEWANGI MANGO 900ML RFL','',NULL),
	('8999999403492','MOLTO SOFT PURE 450ML','',NULL),
	('8999999403508','MOLTO SOFT PURE 900ML','',NULL),
	('8999999403522','MOLTO SOFTENER PURE 1800ML','',NULL),
	('8999999403539','MOLTO PEWANGI MANGO 1800ML','',NULL),
	('8999999403546','MOLTO ESSENCE 250ML','',NULL),
	('8999999403553','MOLTO ESSENCE 300ML','',NULL),
	('8999999403591','MOLTO SOFT S BLUE 900ML RFL','',NULL),
	('8999999403652','MOLTO TRIKA AROMATERAPI 25ML','',NULL),
	('8999999403669','TRIKA AROMATHERAPY 300ML PUMP','',NULL),
	('8999999403836','MOLTO TRIKA SPRING BLUE 450ML','',NULL),
	('8999999403843','MOLTO TRIKA SPRING BLUE 500ML','',NULL),
	('8999999403850','MOLTO SILKY 450R','',NULL),
	('8999999403867','MOLTO SILKY FINE WASH 500ML','',NULL),
	('8999999406219','DOMESTOS NOMOS 6X5 PSG','',NULL),
	('8999999406233','DOMESTOS NOMOS LAVENDER 5PSG','',NULL),
	('8999999406240','DOMESTOS NOMOS LAVENDER','',NULL),
	('8999999406912','SUPER PELL ROSE 800R','',NULL),
	('8999999406929','SUNLIGHT SUPERPELL APPLE 800ML','',NULL),
	('8999999406936','SUNLIGHT SUPERPELL LEMON 400M','',NULL),
	('8999999406943','SUNLIGHT SUPERPELL YELLOW 800M','',NULL),
	('8999999406950','SUNLIGHT SUPERPELL APPLE 400M','',NULL),
	('8999999406974','SUNLIGHT SUPERPELL GREEN 800M','',NULL),
	('8999999406998','SUNLIGHT SUPERPELL PURPLE 800M','',NULL),
	('8999999407001','SUNLIGHT SUPERPELL WHT LL 800M','',NULL),
	('8999999407414','SUPERPELL APPLE 400ML RVL','',NULL),
	('8999999407421','SUPER PELL APPLE 800ML-RVL','',NULL),
	('8999999407438','SUPERPELL LTI APPLE 800ML-BTL','',NULL),
	('8999999407476','SUPERPELL LEMON 400 ML-RVL','',NULL),
	('8999999407483','SUPER PELL LEMON 800ML-RVL','',NULL),
	('8999999407490','SUPERPELL LTI LEMON 800ML-BTL','',NULL),
	('8999999407520','SUPERPELL PINE 400 ML-RVL','',NULL),
	('8999999407537','SUPER PELL PINE 800ML-RVL','',NULL),
	('8999999407544','SUPERPELL LTI PINE 800ML-BTL','',NULL),
	('8999999407575','SUPERPELL FLORAL 400 ML RVL','',NULL),
	('8999999407582','SUPER PELL FLORAL 800ML-RVL','',NULL),
	('8999999407599','SUPERPELL LTI FLORAL 800ML-BTL','',NULL),
	('8999999407629','SUPERPELL FRUITY 400 ML','',NULL),
	('8999999407636','SUPER PELL FRUITY 800ML-RVL','',NULL),
	('8999999407643','SUPERPELL LTI FRUITY 800ML-BTL','',NULL),
	('8999999407841','DOMESTOS WIPOL LEMON 800ML BTL','',NULL),
	('8999999407858','DOMESTOS WIPOL LEMON 800ML RFL','',NULL),
	('8999999407865','WIPOL CLASSIC FINE 900ML BTL','',NULL),
	('8999999407872','WIPOL CLASSIC PINE 450ML RFL','',NULL),
	('8999999407889','DOMESTOS WIPOL CLASSIC 900M RF','',NULL),
	('8999999407896','DOMESTOS WIPOL KARBOL 450ML','',NULL),
	('8999999409708','DOMESTOS NOMOS JUMBO 5 PSG','',NULL),
	('8999999409715','DOMESTOS NOMOS JUMBO 5 PSG','',NULL),
	('8999999409777','DOMESTOS NOMOS 5 PSG','',NULL),
	('8999999409784','DOMESTOS FRESH 500ML','',NULL),
	('8999999409791','DOMESTOS FRESH 1000ML','',NULL),
	('8999999409814','DOMESTOS LEMON 1000ML','',NULL),
	('8999999409869','DOMESTOS NOMOS NYAMUK BAKAR','',NULL),
	('8999999409883','DOMESTOS TRISOL 400ML RFL','',NULL),
	('8999999409890','DOMESTOS TRISOL 800ML RFL','',NULL),
	('8999999409906','DOMESTOS NOMOS JUMBO 5PSG','',NULL),
	('8999999409913','DOMESTOS WIPOL 900ML RFL','',NULL),
	('8999999409951','DOMESTOS NOMOS 6X5 PS','',NULL),
	('8999999410032','DOMESTOS NOMOS JUMBO 5PSG','',NULL),
	('8999999410049','DOMESTOS NOMOS 5 PSG','',NULL),
	('8999999418205','HALO HANDSOAP APPLE PUMP 320M','',NULL),
	('8999999418229','HALO HANDSOAP LEMON PUMP 320M','',NULL),
	('8999999418236','HALO HANDSOAP STRAW PUMP 320M','',NULL),
	('8999999418243','LIFEBUOY HANDWASH WHITE 250ML','',NULL),
	('8999999418250','LIFEBUOY HANDWASH WHITE 320ML','',NULL),
	('8999999418267','LIFEBUOY HANDWASH RED 250ML','',NULL),
	('8999999418274','LIFEBUOY HANDWASH RED 320ML','',NULL),
	('8999999418281','LIFEBOY HAND WASH MILDCARE 200','',NULL),
	('8999999418311','LIFEBOY HAND WASH TP 200','',NULL),
	('8999999418328','LIFEBOY HAND WASH MC 180R','',NULL),
	('8999999418335','LIFEBOY HAND WASH TP 180R','',NULL),
	('8999999510787','DOVE FACIAL FOAM MOIST CR 50ML','',NULL),
	('8999999510794','DOVE FACIAL FOAM MOIST CR 100M','',NULL),
	('8999999510855','DOVE CREAM BAR SOAP SPES SET','',NULL),
	('8999999522100','WALLS MINI CORNETT0','',NULL),
	('8999999522162','WALLS MOO ACTIVE','',NULL),
	('8999999682026','HAZELIN SNOW 50 GR','',NULL),
	('8999999682118','HAZELINE SNOW F YOUR DEL SK 30','',NULL),
	('8999999682354','HAZELINE DEEP CLEANS GEL 120G','',NULL),
	('8999999682712','HAZELINE WHI&NAT MOIS CR 20G','',NULL),
	('8999999682729','HAZELIN WHIT/NATURAL 50 GR','',NULL),
	('8999999700096','CLEAR STYLING GEL HARD 50GR','',NULL),
	('8999999700171','SUNSILK SHAMP APPLE ESS 100M','',NULL),
	('8999999700225','REXONA ROLL ON COOL WHT 40M','',NULL),
	('8999999700317','BRISK HAIR CREAM DANRUF 100G','',NULL),
	('8999999700355','BRISK BY CLEAR AD 250 GR','',NULL),
	('8999999700379','SUNSILK SHAMP APPLE ESS 200M','',NULL);

/*!40000 ALTER TABLE `tbl_barcode` ENABLE KEYS */;
UNLOCK TABLES;


# Dump of table tbl_detail_jual
# ------------------------------------------------------------

DROP TABLE IF EXISTS `tbl_detail_jual`;

CREATE TABLE `tbl_detail_jual` (
  `d_jual_id` int(11) NOT NULL AUTO_INCREMENT,
  `d_jual_nofak` varchar(15) DEFAULT NULL,
  `d_jual_barang_id` varchar(15) DEFAULT NULL,
  `d_jual_barang_nama` varchar(150) DEFAULT NULL,
  `d_jual_barang_isi` int(11) NOT NULL,
  `d_jual_barang_satuan` varchar(30) DEFAULT NULL,
  `d_jual_barang_harpok` double DEFAULT NULL,
  `d_jual_barang_harjul` double DEFAULT NULL,
  `d_jual_barang_harjul_satuan` int(20) DEFAULT NULL,
  `d_jual_qty` int(11) DEFAULT NULL,
  `d_jual_qty_satuan` int(20) DEFAULT NULL,
  `d_jual_diskon` double DEFAULT NULL,
  `d_jual_subtotal` int(11) DEFAULT NULL,
  `d_jual_barang_jasa` int(11) DEFAULT NULL,
  `d_jual_total` int(11) DEFAULT NULL,
  `created_at` timestamp NULL DEFAULT current_timestamp(),
  `date` timestamp NULL DEFAULT current_timestamp(),
  PRIMARY KEY (`d_jual_id`),
  KEY `d_jual_barang_id` (`d_jual_barang_id`),
  KEY `d_jual_nofak` (`d_jual_nofak`)
) ENGINE=InnoDB DEFAULT CHARSET=latin1;

LOCK TABLES `tbl_detail_jual` WRITE;
/*!40000 ALTER TABLE `tbl_detail_jual` DISABLE KEYS */;

INSERT INTO `tbl_detail_jual` (`d_jual_id`, `d_jual_nofak`, `d_jual_barang_id`, `d_jual_barang_nama`, `d_jual_barang_isi`, `d_jual_barang_satuan`, `d_jual_barang_harpok`, `d_jual_barang_harjul`, `d_jual_barang_harjul_satuan`, `d_jual_qty`, `d_jual_qty_satuan`, `d_jual_diskon`, `d_jual_subtotal`, `d_jual_barang_jasa`, `d_jual_total`, `created_at`, `date`)
VALUES
	(159,'240621000001','TM0001','Bandeng Juwana',1,'Box/Pcs',1,1,1,5,0,0,5,0,5,'2021-06-24 09:04:38','2021-06-24 14:04:38'),
	(160,'240621000001','TM0002','Bandeng Prestasi',1,'Box/Pcs',1,1,1,10,0,0,10,0,10,'2021-06-24 09:04:38','2021-06-24 14:04:38'),
	(161,'240621000002','TM0003','Bandeng Bu Pudji',1,'Box/Pcs',1,1,1,15,0,0,15,0,15,'2021-06-24 09:10:50','2021-06-24 14:10:50'),
	(162,'240621000002','TM0004','Otak-Otak Bandeng',1,'Box/Pcs',1,1,1,10,0,0,10,0,10,'2021-06-24 09:10:50','2021-06-24 14:10:50'),
	(163,'240621000003','TM0001','Bandeng Juwana',1,'Box/Pcs',10000,12000,1,1,0,0,12,0,12000,'2021-06-24 10:26:26','2021-06-24 15:26:26'),
	(164,'240621000003','TM0002','Bandeng Prestasi',1,'Box/Pcs',1,1,1,1,0,0,1,0,1,'2021-06-24 10:26:26','2021-06-24 15:26:26'),
	(165,'240621000003','TM0003','Bandeng Bu Pudji',1,'Box/Pcs',1,1,1,2,0,0,1,0,2,'2021-06-24 10:26:26','2021-06-24 15:26:26'),
	(166,'240621000004','TM0001','Bandeng Juwana',1,'Box/Pcs',10000,12000,1,1,0,0,12,0,12000,'2021-06-24 10:27:59','2021-06-24 15:27:59'),
	(167,'240621000004','TM0002','Bandeng Prestasi',1,'Box/Pcs',1,1,1,1,0,0,1,0,1,'2021-06-24 10:27:59','2021-06-24 15:27:59'),
	(168,'240621000004','TM0003','Bandeng Bu Pudji',1,'Box/Pcs',1,1,1,2,0,0,1,0,2,'2021-06-24 10:27:59','2021-06-24 15:27:59'),
	(169,'240621000005','TM0001','Bandeng Juwana',1,'Box/Pcs',10000,12000,1,1,0,0,12,0,12000,'2021-06-24 10:32:45','2021-06-24 15:32:45'),
	(170,'240621000006','TM0001','Bandeng Juwana',1,'Box/Pcs',10000,12000,1,1,1,0,13,0,12001,'2021-06-24 11:17:14','2021-06-24 16:17:14'),
	(171,'240621000006','TM0002','Bandeng Prestasi',1,'Box/Pcs',1,1,1,1,1,0,2,0,2,'2021-06-24 11:17:14','2021-06-24 16:17:14'),
	(172,'240621000006','TM0004','Otak-Otak Bandeng',1,'Box/Pcs',1,1,1,1,1,0,2,0,2,'2021-06-24 11:17:14','2021-06-24 16:17:14'),
	(173,'240621000007','TM0001','Bandeng Juwana',1,'Box/Pcs',10000,12000,12000,1,1,0,24,0,24000,'2021-06-24 11:44:27','2021-06-24 16:44:27'),
	(174,'240621000007','TM0003','Bandeng Bu Pudji',1,'Box/Pcs',1,1,1,1,1,0,2,0,2,'2021-06-24 11:44:27','2021-06-24 16:44:27'),
	(175,'240621000007','TM0004','Otak-Otak Bandeng',1,'Box/Pcs',1,1,1,1,0,0,1,0,1,'2021-06-24 11:44:27','2021-06-24 16:44:27'),
	(176,'240621000007','TM0005','Tahu Petis Yudhistira',1,'Box/Pcs',1,1,1,1,0,0,1,0,1,'2021-06-24 11:44:27','2021-06-24 16:44:27'),
	(177,'240621000007','TM0019','Meniko Ori',1,'Box/Pcs',1,1,1,1,2,0,3,0,3,'2021-06-24 11:44:27','2021-06-24 16:44:27'),
	(178,'240621000008','TM0001','Bandeng Juwana',1,'Box/Pcs',10000,12000,12000,1,0,0,12,0,12000,'2021-06-24 11:46:06','2021-06-24 16:46:06'),
	(179,'240621000008','TM0002','Bandeng Prestasi',1,'Box/Pcs',1,1,1,1,0,0,1,0,1,'2021-06-24 11:46:06','2021-06-24 16:46:06'),
	(180,'240621000008','TM0003','Bandeng Bu Pudji',1,'Box/Pcs',1,1,1,1,0,0,1,0,1,'2021-06-24 11:46:06','2021-06-24 16:46:06'),
	(181,'240621000008','TM0004','Otak-Otak Bandeng',1,'Box/Pcs',1,1,1,1,0,0,1,0,1,'2021-06-24 11:46:06','2021-06-24 16:46:06'),
	(182,'240621000008','TM0007','Tahu Bu Pudji',10,'Box/Pcs',100,100,10,6,7,0,670,0,670,'2021-06-24 11:46:06','2021-06-24 16:46:06'),
	(183,'240621000009','TM0007','Tahu Bu Pudji',10,'Box/Pcs',100,100,10,1,2,0,120,6000,6120,'2021-06-24 11:50:30','2021-06-24 16:50:30'),
	(184,'240621000010','TM0007','Tahu Bu Pudji',10,'Box/Pcs',100,100,10,1,0,0,100,5000,5100,'2021-06-24 11:52:22','2021-06-24 16:52:22'),
	(185,'240621000011','TM0007','Tahu Bu Pudji',10,'Box/Pcs',100,100,10,1,0,0,100,5000,5100,'2021-06-24 11:52:52','2021-06-24 16:52:52'),
	(186,'240621000012','TM0007','Tahu Bu Pudji',10,'Box/Pcs',100,100,10,1,0,0,100,5000,5100,'2021-06-24 11:53:04','2021-06-24 16:53:04'),
	(187,'240621000013','TM0007','Tahu Bu Pudji',10,'Box/Pcs',100,100,10,1,0,0,100,5000,5100,'2021-06-24 11:53:33','2021-06-24 16:53:33'),
	(188,'240621000014','TM0007','Tahu Bu Pudji',10,'Box/Pcs',100,100,10,1,1,0,110,0,110,'2021-06-24 11:55:12','2021-06-24 16:55:12'),
	(189,'240621000015','TM0001','Bandeng Juwana',1,'Box/Pcs',10000,12000,12000,3,0,0,12,0,36000,'2021-06-24 14:57:13','2021-06-24 19:57:13'),
	(190,'240621000015','TM0007','Tahu Bu Pudji',10,'Box/Pcs',100,100,10,1,0,0,100,0,100,'2021-06-24 14:57:13','2021-06-24 19:57:13'),
	(191,'240621000015','TM0003','Bandeng Bu Pudji',1,'Box/Pcs',1,1,1,1,4,0,5,0,5,'2021-06-24 14:57:13','2021-06-24 19:57:13'),
	(192,'240621000015','TM0008','Tahu Murni',1,'Box/Pcs',1,1,1,1,0,0,1,0,1,'2021-06-24 14:57:13','2021-06-24 19:57:13'),
	(193,'240621000016','TM0007','Tahu Bu Pudji',10,'Box/Pcs',100,100,10,1,2,0,120,0,120,'2021-06-24 15:06:05','2021-06-24 20:06:05'),
	(194,'250621000001','TM0001','Bandeng Juwana',1,'Box/Pcs',10000,12000,12000,2,0,0,12,0,24000,'2021-06-25 05:38:54','2021-06-25 10:38:54'),
	(195,'250621000001','TM0002','Bandeng Prestasi',1,'Box/Pcs',1,1,1,2,0,0,1,0,2,'2021-06-25 05:38:54','2021-06-25 10:38:54'),
	(196,'250621000001','TM0007','Tahu Bu Pudji',10,'Box/Pcs',100,100,10,1,3,0,30,0,130,'2021-06-25 05:38:54','2021-06-25 10:38:54'),
	(197,'110721000001','TM0001','Bandeng Juwana',1,'Box/Pcs',10000,12000,12000,3,0,0,36,0,36000,'2021-07-11 15:25:40','2021-07-11 20:25:40'),
	(198,'110721000001','TM0005','Tahu Petis Yudhistira',1,'Box/Pcs',1,1,1,3,0,0,3,1500,1503,'2021-07-11 15:25:40','2021-07-11 20:25:40'),
	(199,'110721000001','TM0007','Tahu Bu Pudji',10,'Box/Pcs',100,100,10,1,4,0,140,7000,7140,'2021-07-11 15:25:40','2021-07-11 20:25:40'),
	(200,'020921000001','TM0001','Bandeng Juwana',1,'Box/Pcs',10000,12000,12000,1,0,0,12,0,12000,'2021-09-02 04:10:06','2021-09-02 09:10:06'),
	(201,'020921000001','TM0002','Bandeng Prestasi',1,'Box/Pcs',1,1,1,3,0,0,2,0,3,'2021-09-02 04:10:06','2021-09-02 09:10:06'),
	(202,'020921000001','TM0003','Bandeng Bu Pudji',1,'Box/Pcs',1,1,1,1,0,0,1,0,1,'2021-09-02 04:10:06','2021-09-02 09:10:06'),
	(203,'020921000001','TM0004','Otak-Otak Bandeng',1,'Box/Pcs',1,1,1,1,0,0,1,0,1,'2021-09-02 04:10:06','2021-09-02 09:10:06'),
	(204,'020921000001','TM0005','Tahu Petis Yudhistira',1,'Box/Pcs',1,1,1,1,1,0,2,0,2,'2021-09-02 04:10:06','2021-09-02 09:10:06'),
	(205,'020921000002','TM0001','Bandeng Juwana',1,'Box/Pcs',10000,12000,12000,1,0,0,12,0,12000,'2021-09-02 06:55:04','2021-09-02 11:55:04'),
	(206,'020921000003','TM0001','Bandeng Juwana',1,'Box/Pcs',10000,12000,12000,1,0,0,12,0,12000,'2021-09-02 06:55:30','2021-09-02 11:55:30'),
	(207,'020921000004','TM0002','Bandeng Prestasi',1,'Box/Pcs',1,1,1,1,0,0,1,0,1,'2021-09-02 06:56:15','2021-09-02 11:56:15'),
	(208,'020921000017','TM0003','Bandeng Bu Pudji',1,'Box/Pcs',1,1,1,1,0,0,1,0,1,'2021-09-02 07:05:20','2021-09-02 12:05:20');

/*!40000 ALTER TABLE `tbl_detail_jual` ENABLE KEYS */;
UNLOCK TABLES;


# Dump of table tbl_jasa
# ------------------------------------------------------------

DROP TABLE IF EXISTS `tbl_jasa`;

CREATE TABLE `tbl_jasa` (
  `id` int(11) NOT NULL AUTO_INCREMENT,
  `nilai_jasa` int(11) DEFAULT NULL,
  `jumlah` int(11) NOT NULL,
  `id_admin` int(11) NOT NULL,
  `barcode` varchar(50) NOT NULL,
  `deskripsi` varchar(50) DEFAULT NULL,
  `created_at` timestamp NULL DEFAULT current_timestamp(),
  PRIMARY KEY (`id`)
) ENGINE=InnoDB DEFAULT CHARSET=utf8mb4;

LOCK TABLES `tbl_jasa` WRITE;
/*!40000 ALTER TABLE `tbl_jasa` DISABLE KEYS */;

INSERT INTO `tbl_jasa` (`id`, `nilai_jasa`, `jumlah`, `id_admin`, `barcode`, `deskripsi`, `created_at`)
VALUES
	(104,500,5500,6,'TM0007','goreng','2021-06-24 16:55:12'),
	(105,500,1500,6,'TM0001','goreng','2021-06-24 19:57:13'),
	(106,500,5000,6,'TM0007','goreng','2021-06-24 19:57:13'),
	(107,500,2500,6,'TM0003','goreng','2021-06-24 19:57:13'),
	(108,500,500,6,'TM0008','goreng','2021-06-24 19:57:13'),
	(109,500,6000,6,'TM0007','goreng','2021-06-24 20:06:05'),
	(110,500,1000,6,'TM0001','goreng','2021-06-25 10:38:54'),
	(111,500,1000,6,'TM0002','goreng','2021-06-25 10:38:54'),
	(112,500,6500,6,'TM0007','goreng','2021-06-25 10:38:54'),
	(113,500,1500,6,'TM0001','goreng','2021-07-11 20:25:40'),
	(114,500,1500,6,'TM0005','goreng','2021-07-11 20:25:40'),
	(115,500,7000,6,'TM0007','goreng','2021-07-11 20:25:40'),
	(116,500,500,6,'TM0001','goreng','2021-09-02 09:10:06'),
	(117,500,1500,6,'TM0002','goreng','2021-09-02 09:10:06'),
	(118,500,500,6,'TM0003','goreng','2021-09-02 09:10:06'),
	(119,500,500,6,'TM0004','goreng','2021-09-02 09:10:06'),
	(120,500,1000,6,'TM0005','goreng','2021-09-02 09:10:06'),
	(121,500,500,6,'TM0001','goreng','2021-09-02 11:55:04'),
	(122,500,500,6,'TM0001','goreng','2021-09-02 11:55:30'),
	(123,500,500,6,'TM0002','goreng','2021-09-02 11:56:15'),
	(124,500,500,6,'TM0003','goreng','2021-09-02 12:05:20');

/*!40000 ALTER TABLE `tbl_jasa` ENABLE KEYS */;
UNLOCK TABLES;


# Dump of table tbl_jual
# ------------------------------------------------------------

DROP TABLE IF EXISTS `tbl_jual`;

CREATE TABLE `tbl_jual` (
  `jual_nofak` varchar(15) NOT NULL,
  `jual_tanggal` timestamp NULL DEFAULT current_timestamp(),
  `jual_total` int(11) DEFAULT NULL,
  `jual_jml_uang` int(11) DEFAULT NULL,
  `jual_kembalian` int(11) DEFAULT NULL,
  `jual_user_id` int(11) DEFAULT NULL,
  `jual_keterangan` varchar(20) DEFAULT NULL,
  `jual_pembeli` varchar(30) NOT NULL,
  `created_at` date DEFAULT NULL,
  PRIMARY KEY (`jual_nofak`),
  KEY `jual_user_id` (`jual_user_id`)
) ENGINE=InnoDB DEFAULT CHARSET=latin1;

LOCK TABLES `tbl_jual` WRITE;
/*!40000 ALTER TABLE `tbl_jual` DISABLE KEYS */;

INSERT INTO `tbl_jual` (`jual_nofak`, `jual_tanggal`, `jual_total`, `jual_jml_uang`, `jual_kembalian`, `jual_user_id`, `jual_keterangan`, `jual_pembeli`, `created_at`)
VALUES
	('020921000001','2021-09-02 09:10:06',12007,NULL,NULL,6,'eceran','','2021-09-02'),
	('020921000002','2021-09-02 11:55:04',12000,NULL,NULL,6,'eceran','','2021-09-02'),
	('020921000003','2021-09-02 11:55:30',12000,NULL,NULL,6,'eceran','','2021-09-02'),
	('020921000004','2021-09-02 11:56:15',1,NULL,NULL,6,'eceran','','2021-09-02'),
	('020921000005','2021-09-02 11:57:29',1,NULL,NULL,6,'eceran','','2021-09-02'),
	('020921000006','2021-09-02 11:57:55',1,NULL,NULL,6,'eceran','','2021-09-02'),
	('020921000007','2021-09-02 12:02:15',1,NULL,NULL,6,'eceran','','2021-09-02'),
	('020921000008','2021-09-02 12:02:49',1,NULL,NULL,6,'eceran','','2021-09-02'),
	('020921000009','2021-09-02 12:03:01',1,NULL,NULL,6,'eceran','','2021-09-02'),
	('020921000010','2021-09-02 12:03:02',1,NULL,NULL,6,'eceran','','2021-09-02'),
	('020921000011','2021-09-02 12:03:02',1,NULL,NULL,6,'eceran','','2021-09-02'),
	('020921000012','2021-09-02 12:03:05',1,NULL,NULL,6,'eceran','','2021-09-02'),
	('020921000013','2021-09-02 12:03:45',1,NULL,NULL,6,'eceran','','2021-09-02'),
	('020921000014','2021-09-02 12:03:47',1,NULL,NULL,6,'eceran','','2021-09-02'),
	('020921000015','2021-09-02 12:03:48',1,NULL,NULL,6,'eceran','','2021-09-02'),
	('020921000016','2021-09-02 12:04:41',1,NULL,NULL,6,'eceran','','2021-09-02'),
	('020921000017','2021-09-02 12:05:20',1,NULL,NULL,6,'eceran','','2021-09-02'),
	('020921000018','2021-09-02 12:05:41',1,NULL,NULL,6,'eceran','','2021-09-02'),
	('020921000019','2021-09-02 12:05:43',1,NULL,NULL,6,'eceran','','2021-09-02'),
	('020921000020','2021-09-02 12:06:32',1,NULL,NULL,6,'eceran','','2021-09-02'),
	('020921000021','2021-09-02 12:07:10',1,NULL,NULL,6,'eceran','','2021-09-02'),
	('020921000022','2021-09-02 12:10:05',1,NULL,NULL,6,'eceran','','2021-09-02'),
	('020921000023','2021-09-02 12:14:14',1,NULL,NULL,6,'eceran','','2021-09-02'),
	('020921000024','2021-09-02 12:14:50',1,NULL,NULL,6,'eceran','','2021-09-02'),
	('020921000025','2021-09-02 12:15:02',1,NULL,NULL,6,'eceran','','2021-09-02'),
	('020921000026','2021-09-02 12:15:42',1,NULL,NULL,6,'eceran','','2021-09-02'),
	('020921000027','2021-09-02 12:16:01',1,NULL,NULL,6,'eceran','','2021-09-02'),
	('020921000028','2021-09-02 12:17:18',1,NULL,NULL,6,'eceran','','2021-09-02'),
	('020921000029','2021-09-02 12:18:52',1,NULL,NULL,6,'eceran','','2021-09-02'),
	('020921000030','2021-09-02 12:19:56',1,NULL,NULL,6,'eceran','','2021-09-02'),
	('020921000031','2021-09-02 12:20:32',1,NULL,NULL,6,'eceran','','2021-09-02'),
	('110721000001','2021-07-11 20:25:40',44643,NULL,NULL,6,'eceran','','2021-07-11'),
	('240621000001','2021-06-24 14:04:38',15,NULL,NULL,18,'eceran','','2021-06-24'),
	('240621000002','2021-06-24 14:10:50',25,NULL,NULL,18,'eceran','','2021-06-24'),
	('240621000003','2021-06-24 15:26:26',12003,NULL,NULL,6,'eceran','','2021-06-24'),
	('240621000004','2021-06-24 15:27:59',12003,NULL,NULL,6,'eceran','','2021-06-24'),
	('240621000005','2021-06-24 15:32:45',12103,NULL,NULL,6,'eceran','','2021-06-24'),
	('240621000006','2021-06-24 16:17:14',12005,NULL,NULL,6,'eceran','','2021-06-24'),
	('240621000007','2021-06-24 16:44:27',24007,NULL,NULL,6,'eceran','','2021-06-24'),
	('240621000008','2021-06-24 16:46:06',12673,NULL,NULL,6,'eceran','','2021-06-24'),
	('240621000009','2021-06-24 16:50:30',6120,NULL,NULL,6,'eceran','','2021-06-24'),
	('240621000010','2021-06-24 16:52:22',5100,NULL,NULL,6,'eceran','','2021-06-24'),
	('240621000011','2021-06-24 16:52:52',5100,NULL,NULL,6,'eceran','','2021-06-24'),
	('240621000012','2021-06-24 16:53:04',5100,NULL,NULL,6,'eceran','','2021-06-24'),
	('240621000013','2021-06-24 16:53:33',5100,NULL,NULL,6,'eceran','','2021-06-24'),
	('240621000014','2021-06-24 16:55:12',110,NULL,NULL,6,'eceran','','2021-06-24'),
	('240621000015','2021-06-24 19:57:13',36106,NULL,NULL,6,'eceran','','2021-06-24'),
	('240621000016','2021-06-24 20:06:05',120,NULL,NULL,6,'eceran','','2021-06-24'),
	('250621000001','2021-06-25 10:38:54',24132,NULL,NULL,6,'eceran','','2021-06-25');

/*!40000 ALTER TABLE `tbl_jual` ENABLE KEYS */;
UNLOCK TABLES;


# Dump of table tbl_perusahaan
# ------------------------------------------------------------

DROP TABLE IF EXISTS `tbl_perusahaan`;

CREATE TABLE `tbl_perusahaan` (
  `id` int(11) NOT NULL AUTO_INCREMENT,
  `jumlah` int(11) DEFAULT NULL,
  `deskripsi` text DEFAULT NULL,
  `created_at` timestamp NULL DEFAULT current_timestamp(),
  PRIMARY KEY (`id`)
) ENGINE=InnoDB DEFAULT CHARSET=utf8mb4;

LOCK TABLES `tbl_perusahaan` WRITE;
/*!40000 ALTER TABLE `tbl_perusahaan` DISABLE KEYS */;

INSERT INTO `tbl_perusahaan` (`id`, `jumlah`, `deskripsi`, `created_at`)
VALUES
	(1,50000,'Bensin','2021-06-11 20:28:10'),
	(3,30000,'Biaya tol','2021-06-11 20:38:53'),
	(4,50000,'biaya tol','2021-06-11 21:06:09');

/*!40000 ALTER TABLE `tbl_perusahaan` ENABLE KEYS */;
UNLOCK TABLES;


# Dump of table tbl_rekap
# ------------------------------------------------------------

DROP TABLE IF EXISTS `tbl_rekap`;

CREATE TABLE `tbl_rekap` (
  `id` int(11) NOT NULL,
  `id_jasa` int(11) DEFAULT NULL,
  `id_toko` int(11) DEFAULT NULL,
  `id_perusahaan` int(11) DEFAULT NULL,
  `id_jual` int(11) DEFAULT NULL,
  `created_at` timestamp NULL DEFAULT current_timestamp(),
  `updated_at` datetime DEFAULT NULL
) ENGINE=InnoDB DEFAULT CHARSET=utf8mb4;



# Dump of table tbl_toko
# ------------------------------------------------------------

DROP TABLE IF EXISTS `tbl_toko`;

CREATE TABLE `tbl_toko` (
  `id` int(11) NOT NULL AUTO_INCREMENT,
  `jumlah` int(11) DEFAULT NULL,
  `deskripsi` text DEFAULT NULL,
  `created_at` timestamp NOT NULL DEFAULT current_timestamp(),
  PRIMARY KEY (`id`)
) ENGINE=InnoDB DEFAULT CHARSET=utf8mb4;

LOCK TABLES `tbl_toko` WRITE;
/*!40000 ALTER TABLE `tbl_toko` DISABLE KEYS */;

INSERT INTO `tbl_toko` (`id`, `jumlah`, `deskripsi`, `created_at`)
VALUES
	(1,50000,'minyak','2021-06-11 21:07:52');

/*!40000 ALTER TABLE `tbl_toko` ENABLE KEYS */;
UNLOCK TABLES;


# Dump of table unit
# ------------------------------------------------------------

DROP TABLE IF EXISTS `unit`;

CREATE TABLE `unit` (
  `unit_id` int(11) NOT NULL AUTO_INCREMENT,
  `name` varchar(50) NOT NULL,
  `created` datetime NOT NULL DEFAULT current_timestamp(),
  `updated` datetime DEFAULT NULL,
  PRIMARY KEY (`unit_id`)
) ENGINE=InnoDB DEFAULT CHARSET=latin1;

LOCK TABLES `unit` WRITE;
/*!40000 ALTER TABLE `unit` DISABLE KEYS */;

INSERT INTO `unit` (`unit_id`, `name`, `created`, `updated`)
VALUES
	(6,'Pcs','2021-05-13 13:21:14','2021-05-25 06:44:39'),
	(9,'q','2021-07-29 13:44:23','2021-09-02 07:23:26');

/*!40000 ALTER TABLE `unit` ENABLE KEYS */;
UNLOCK TABLES;


# Dump of table users
# ------------------------------------------------------------

DROP TABLE IF EXISTS `users`;

CREATE TABLE `users` (
  `id` int(11) NOT NULL AUTO_INCREMENT,
  `username` varchar(50) NOT NULL,
  `password` varchar(100) NOT NULL,
  `nama` varchar(50) NOT NULL,
  `alamat` varchar(255) DEFAULT NULL,
  `level` int(1) NOT NULL,
  PRIMARY KEY (`id`)
) ENGINE=InnoDB DEFAULT CHARSET=latin1;

LOCK TABLES `users` WRITE;
/*!40000 ALTER TABLE `users` DISABLE KEYS */;

INSERT INTO `users` (`id`, `username`, `password`, `nama`, `alamat`, `level`)
VALUES
	(6,'admin','d033e22ae348aeb5660fc2140aec35850c4da997','admin','Jl. Sultan Agung No. 1 Ketandan 2',1),
	(17,'leader1','8cb2237d0679ca88db6464eac60da96345513964','leader','abc',1),
	(18,'kasir01','8691e4fc53b99da544ce86e22acba62d13352eff','kasir1','abs',2),
	(19,'adminkab@gmail.com','8cb2237d0679ca88db6464eac60da96345513964','cobaa','abs',1);

/*!40000 ALTER TABLE `users` ENABLE KEYS */;
UNLOCK TABLES;



/*!40111 SET SQL_NOTES=@OLD_SQL_NOTES */;
/*!40101 SET SQL_MODE=@OLD_SQL_MODE */;
/*!40014 SET FOREIGN_KEY_CHECKS=@OLD_FOREIGN_KEY_CHECKS */;
/*!40101 SET CHARACTER_SET_CLIENT=@OLD_CHARACTER_SET_CLIENT */;
/*!40101 SET CHARACTER_SET_RESULTS=@OLD_CHARACTER_SET_RESULTS */;
/*!40101 SET COLLATION_CONNECTION=@OLD_COLLATION_CONNECTION */;
